Name,Position,Age,Contract Length,Total $,AAV,WAR3,Yrs,G,AB,R,H,HR,RBI,SB,BB,BA,OBP,SLG,OPS,W,L,ERA,WHIP,G.1,GS,SV,IP,H.1,HR.1,BB.1,SO
Bryce Harper,RF,26.3,13,"$330,000,000 ","$25,384,615 ",8.1,7,927,3306,610,922,184,521,75,585,0.279,0.388,0.512,0.9,,,,,,,,,,,,
Corey Seager,SS,27.6,10,"$325,000,000 ","$32,500,000 ",8.6,7,636,2419,394,718,104,364,12,255,0.297,0.367,0.504,0.87,,,,,,,,,,,,
Gerrit Cole,SP,29.2,9,"$324,000,000 ","$36,000,000 ",14.3,7,128,251,17,41,3,15,0,6,0.163,0.186,0.207,0.393,94,52,3.22,1.129,192,192,0,1195,1034,115,315,1336
Manny Machado,3B,26.6,10,"$300,000,000 ","$30,000,000 ",17.3,7,926,3720,522,1050,175,513,53,296,0.282,0.335,0.487,0.822,,,,,,,,,,,,
Anthony Rendon,3B,29.5,7,"$245,000,000 ","$35,000,000 ",18.2,7,916,3424,571,994,136,546,45,409,0.29,0.369,0.49,0.859,,,,,,,,,,,,
Stephen Strasburg,SP,31.3,7,"$245,000,000 ","$35,000,000 ",14.8,10,228,435,23,66,4,29,0,23,0.152,0.196,0.2,0.396,112,58,3.17,1.086,239,239,0,1438.2,1185,143,377,1695
Kris Bryant,OF,30.2,7,"$182,000,000 ","$26,000,000 ",8.3,7,884,3287,592,914,167,487,44,443,0.278,0.376,0.504,0.88,,,,,,,,,,,,
Marcus Semien,2B,31.2,7,"$175,000,000 ","$25,000,000 ",16,9,1020,3918,582,1003,160,482,81,392,0.256,0.324,0.444,0.768,,,,,,,,,,,,
Freddie Freeman,1B,32.5,6,"$162,000,000 ","$27,000,000 ",11.9,12,1565,5767,969,1704,271,941,53,776,0.295,0.384,0.509,0.893,,,,,,,,,,,,
George Springer,CF,31.3,6,"$150,000,000 ","$25,000,000 ",11.5,7,795,3087,567,832,174,458,48,396,0.27,0.361,0.491,0.852,,,,,,,,,,,,
Trevor Story,SS,29.3,6,"$140,000,000 ","$23,333,333 ",13.7,6,745,2822,463,768,158,450,100,266,0.272,0.34,0.523,0.863,,,,,,,,,,,,
Patrick Corbin,SP,29.3,6,"$140,000,000 ","$23,333,333 ",7.1,6,167,292,26,49,0,19,0,15,0.168,0.211,0.216,0.427,56,54,3.91,1.285,172,154,2,945.2,944,107,271,897
Max Scherzer,SP,37.3,3,"$130,000,000 ","$43,333,333 ",12.7,14,238,464,31,78,1,30,3,13,0.168,0.194,0.188,0.381,190,97,3.16,1.084,407,398,0,2536.2,2072,287,677,3020
Zack Wheeler,SP,29.5,5,"$118,000,000 ","$23,600,000 ",7.9,5,120,220,12,33,1,15,0,5,0.15,0.175,0.195,0.371,44,38,3.77,1.294,126,126,0,749.1,700,75,270,726
J.T. Realmuto,C,29.8,5,"$115,500,000 ","$23,100,000 ",10.4,7,732,2699,380,749,95,358,44,179,0.278,0.328,0.455,0.783,,,,,,,,,,,,
Robbie Ray,SP,30.1,5,"$115,000,000 ","$23,000,000 ",7.6,8,133,237,11,34,1,9,0,4,0.143,0.157,0.181,0.338,62,58,4,1.321,193,189,0,1035.2,915,156,453,1290
Kevin Gausman,SP,30.8,5,"$110,000,000 ","$22,000,000 ",6,9,81,110,7,12,0,4,0,7,0.109,0.161,0.109,0.27,64,72,4.02,1.283,236,197,0,1177.1,1164,158,346,1161
Carlos Correa,SS,27.4,3,"$105,300,000 ","$35,100,000 ",12.6,7,752,2824,438,781,133,489,33,347,0.277,0.356,0.481,0.837,,,,,,,,,,,,
Trevor Bauer,SP,30,3,"$102,000,000 ","$34,000,000 ",10.4,9,26,43,2,4,0,0,0,3,0.093,0.152,0.093,0.245,75,64,3.9,1.265,205,195,1,1190,1051,141,454,1279
Nick Castellanos,DH,30,5,"$100,000,000 ","$20,000,000 ",6.2,9,1086,4109,540,1143,168,594,14,294,0.278,0.329,0.486,0.814,,,,,,,,,,,,
Josh Donaldson,3B,34.1,4,"$92,000,000 ","$23,000,000 ",11,9,1038,3841,652,1048,219,645,38,557,0.273,0.369,0.509,0.878,,,,,,,,,,,,
Madison Bumgarner,SP,30.3,5,"$85,000,000 ","$17,000,000 ",9.7,11,288,594,51,105,19,62,0,40,0.177,0.228,0.303,0.532,119,92,3.13,1.111,289,286,0,1846,1622,192,428,1794
Kyle Schwarber,LF,29,4,"$79,000,000 ","$19,750,000 ",5.6,7,664,2205,371,522,153,350,12,338,0.237,0.343,0.493,0.836,,,,,,,,,,,,
Starling Marte,CF,33.1,4,"$78,000,000 ","$19,500,000 ",9.2,10,1134,4342,680,1256,126,502,296,251,0.289,0.346,0.451,0.797,,,,,,,,,,,,
Eduardo Rodriguez,SP,28.6,5,"$77,000,000 ","$15,400,000 ",7,6,13,26,1,0,0,0,0,0,0,0,0,0,64,39,4.16,1.313,159,153,0,856.2,831,107,294,892
Yasmani Grandal,C,31,4,"$73,000,000 ","$18,250,000 ",8.3,8,879,2793,374,673,141,416,11,457,0.241,0.348,0.446,0.794,,,,,,,,,,,,
Marcus Stroman,SP,30.6,3,"$71,000,000 ","$23,666,667 ",7.5,7,56,89,9,9,1,2,1,4,0.101,0.14,0.169,0.308,61,60,3.63,1.266,179,173,1,1028.1,1014,95,288,853
Nathan Eovaldi,SP,28.8,4,"$68,000,000 ","$17,000,000 ",2.4,7,92,149,8,12,0,2,0,6,0.081,0.116,0.081,0.197,44,53,4.16,1.348,156,148,0,850,887,80,259,640
Marcell Ozuna,DH,30.2,4,"$65,000,000 ","$16,250,000 ",7.3,8,991,3764,505,1040,166,594,26,329,0.276,0.335,0.466,0.801,,,,,,,,,,,,
Nick Castellanos,DH,27.8,4,"$64,000,000 ","$16,000,000 ",5.7,7,888,3360,408,930,120,460,11,234,0.277,0.326,0.471,0.797,,,,,,,,,,,,
Mike Moustakas,3B,31.2,4,"$64,000,000 ","$16,000,000 ",6.2,9,1131,4134,488,1041,182,561,18,316,0.252,0.31,0.441,0.751,,,,,,,,,,,,
Chris Taylor,LF,31.2,4,"$60,000,000 ","$15,000,000 ",5.9,8,743,2399,377,627,79,309,58,252,0.261,0.337,0.443,0.779,,,,,,,,,,,,
Raisel Iglesias,RP,31.8,4,"$58,000,000 ","$14,500,000 ",4,7,254,47,0,4,0,1,0,0,0.085,0.085,0.149,0.234,25,37,3.06,1.094,339,21,140,481.2,383,59,144,582
Jon Gray,SP,30,4,"$56,000,000 ","$14,000,000 ",4.1,7,140,242,11,22,1,13,0,11,0.091,0.13,0.12,0.25,53,49,4.59,1.338,152,151,0,829.1,830,105,280,849
Dallas Keuchel,SP,31.9,3,"$55,500,000 ","$18,500,000 ",8.3,8,46,75,2,8,0,3,0,3,0.107,0.139,0.12,0.259,84,71,3.67,1.26,211,202,0,1302,1259,131,382,1036
Liam Hendriks,RP,31.9,3,"$54,000,000 ","$18,000,000 ",5.3,10,22,2,0,0,0,0,0,1,0,0.333,0,0.333,19,27,4.1,1.278,344,44,40,516.1,525,58,135,526
Justin Verlander,SP,38.7,2,"$50,000,000 ","$25,000,000 ",7.5,16,24,50,2,5,0,1,0,0,0.1,0.1,0.1,0.2,226,129,3.33,1.134,454,454,0,2988,2538,310,851,3013
Andrew McCutchen,DH,32.2,3,"$50,000,000 ","$16,666,667 ",5.2,10,1501,5602,897,1608,223,790,185,780,0.287,0.378,0.481,0.859,,,,,,,,,,,,
Steven Matz,SP,30.4,4,"$44,000,000 ","$11,000,000 ",3.4,7,110,176,8,30,3,13,0,7,0.17,0.201,0.25,0.451,45,48,4.24,1.323,141,136,0,730.1,743,114,223,696
James McCann,C,30.4,4,"$40,600,000 ","$10,150,000 ",4.2,7,601,2072,217,516,65,252,7,129,0.249,0.3,0.394,0.694,,,,,,,,,,,,
Will Smith,RP,30.3,3,"$40,000,000 ","$13,333,333 ",3.5,7,304,1,0,1,0,2,0,0,1,1,1,2,26,22,3.53,1.247,359,17,49,410.2,363,45,149,494
Zack Britton,RP,31,3,"$39,000,000 ","$13,000,000 ",5.7,8,19,8,3,5,1,2,0,0,0.625,0.625,1.125,1.75,31,22,3.21,1.261,331,46,142,541.2,478,34,205,446
Jorge Soler,DH,30,3,"$36,000,000 ","$12,000,000 ",3.6,8,661,2256,307,554,121,343,10,268,0.246,0.331,0.465,0.796,,,,,,,,,,,,
Anthony DeSclafani,RP,31.6,3,"$36,000,000 ","$12,000,000 ",6.5,7,145,257,7,29,1,12,0,9,0.113,0.142,0.136,0.279,50,46,4.06,1.252,156,146,0,824,805,116,227,734
Justin Turner,3B,36.2,2,"$34,000,000 ","$17,000,000 ",9.9,12,1114,3521,504,1029,124,495,35,351,0.292,0.369,0.469,0.838,,,,,,,,,,,,
Drew Pomeranz,RP,31,4,"$34,000,000 ","$8,500,000 ",3.6,9,106,89,4,12,2,5,0,1,0.135,0.144,0.225,0.369,46,58,4.04,1.36,242,140,5,814,758,107,349,824
J.A. Happ,SP,36.1,2,"$34,000,000 ","$17,000,000 ",10.9,12,130,194,12,20,1,6,0,10,0.103,0.147,0.129,0.276,109,82,3.9,1.309,284,259,0,1530.2,1448,189,556,1357
Anthony Rizzo,1B,32.6,2,"$32,000,000 ","$16,000,000 ",7.1,11,1406,5113,762,1372,251,814,66,661,0.268,0.369,0.481,0.85,0,0,0,1,2,0,0,1,0,0,1,1
Michael Brantley,LF,33.7,2,"$32,000,000 ","$16,000,000 ",10.2,12,1245,4800,655,1425,114,640,123,419,0.297,0.354,0.44,0.794,,,,,,,,,,,,
Michael Brantley,LF,31.6,2,"$32,000,000 ","$16,000,000 ",6.1,10,1051,4055,543,1195,87,528,118,351,0.295,0.351,0.43,0.781,,,,,,,,,,,,
Jeurys Familia,RP,29.2,3,"$30,000,000 ","$10,000,000 ",3.2,7,300,5,0,2,0,1,0,0,0.4,0.4,0.4,0.8,17,19,2.73,1.211,343,1,124,352.2,284,16,143,369
Charlie Morton,SP,35.1,2,"$30,000,000 ","$15,000,000 ",5.6,11,157,264,4,20,0,6,0,3,0.076,0.086,0.091,0.176,75,81,4.23,1.372,217,216,0,1206.2,1205,103,451,994
Lance Lynn,SP,31.6,3,"$30,000,000 ","$10,000,000 ",3.3,7,173,276,15,23,0,5,0,12,0.083,0.127,0.101,0.229,82,57,3.57,1.321,214,190,1,1134.1,1053,100,445,1080
Didi Gregorius,SS,30.9,2,"$28,000,000 ","$14,000,000 ",6.5,9,911,3311,451,877,120,457,33,216,0.265,0.315,0.433,0.748,,,,,,,,,,,,
Kyle Gibson,SP,32.1,3,"$28,000,000 ","$9,333,333 ",4.4,7,10,19,3,4,0,0,0,2,0.211,0.286,0.211,0.496,67,68,4.52,1.411,193,188,0,1087,1142,127,392,845
Adam Ottavino,RP,33.1,3,"$27,000,000 ","$9,000,000 ",3.7,8,343,24,1,2,0,0,0,1,0.083,0.12,0.083,0.203,17,20,3.68,1.3,366,3,17,413,363,41,174,464
Mark Canha,LF,32.8,2,"$26,500,000 ","$13,250,000 ",8.3,7,645,2140,346,523,89,294,29,255,0.244,0.344,0.431,0.776,,,,,,,,,,,,
Alex Wood,SP,30.8,2,"$25,000,000 ","$12,500,000 ",1,9,193,276,8,23,0,12,1,14,0.083,0.128,0.091,0.218,63,48,3.5,1.225,214,164,0,990.1,930,95,283,935
Andrew Miller,RP,33.6,2,"$25,000,000 ","$12,500,000 ",7,13,81,74,1,4,0,3,0,0,0.054,0.054,0.054,0.108,49,48,3.98,1.34,483,66,53,725.1,637,64,335,853
Joe Kelly,RP,30.5,3,"$25,000,000 ","$8,333,333 ",1.3,7,91,87,7,15,0,5,1,0,0.172,0.189,0.218,0.407,43,25,3.87,1.385,250,79,2,625.1,612,55,254,498
Kendall Graveman,RP,30.9,3,"$24,000,000 ","$8,000,000 ",1.8,7,13,5,0,0,0,0,0,0,0,0,0,0,29,33,4.15,1.329,147,80,10,520.2,534,63,158,362
Jackie Bradley Jr.,CF,30.8,2,"$24,000,000 ","$12,000,000 ",6.6,8,873,2899,435,692,98,376,60,304,0.239,0.321,0.412,0.732,,,,,,,,,,,,
Will Harris,RP,35.3,3,"$24,000,000 ","$8,000,000 ",3.5,8,124,1,0,0,0,0,0,0,0,0,0,0,23,18,2.84,1.077,419,0,20,396.1,325,36,102,422
Tanner Roark,SP,33.2,2,"$24,000,000 ","$12,000,000 ",6.3,7,190,309,12,45,1,14,0,8,0.146,0.17,0.188,0.358,74,64,3.71,1.237,213,172,1,1100.1,1047,126,314,890
Daniel Murphy,1B,33.7,2,"$24,000,000 ","$12,000,000 ",7.7,10,1280,4747,644,1421,122,641,67,325,0.299,0.344,0.458,0.803,,,,,,,,,,,,
Jake Odorizzi,SP,30.9,3,"$23,500,000 ","$7,833,333 ",4.7,9,15,23,0,2,0,3,0,1,0.087,0.125,0.087,0.212,62,56,3.92,1.24,195,192,1,1042.1,934,141,358,995
Taijuan Walker,SP,28.5,3,"$23,000,000 ","$7,666,667 ",1.5,8,33,65,6,13,1,6,0,1,0.2,0.212,0.277,0.489,35,34,3.84,1.246,108,105,0,581.2,541,80,184,528
David Robertson,RP,33.7,2,"$23,000,000 ","$11,500,000 ",4.8,11,57,0,0,0,0,0,0,0,,,,,53,32,2.88,1.145,654,0,137,657,492,56,260,874
Josh Donaldson,3B,32.9,1,"$23,000,000 ","$23,000,000 ",12.8,8,883,3292,556,906,182,551,34,457,0.275,0.367,0.507,0.874,,,,,,,,,,,,
Noah Syndergaard,SP,29.2,1,"$21,000,000 ","$21,000,000 ",2,6,113,222,14,34,6,15,0,15,0.153,0.206,0.266,0.472,47,31,3.32,1.162,121,120,0,718,668,64,166,777
Jurickson Profar,LF,27.9,3,"$21,000,000 ","$7,000,000 ",2.9,7,547,1796,250,428,59,222,31,182,0.238,0.318,0.397,0.715,,,,,,,,,,,,
Marwin Gonzalez,3B,29.9,2,"$21,000,000 ","$10,500,000 ",7.5,7,795,2466,303,650,76,292,37,179,0.264,0.318,0.419,0.737,,,,,,,,,,,,
Alex Cobb,SP,34.1,2,"$20,000,000 ","$10,000,000 ",2.3,10,11,24,0,2,0,1,0,0,0.083,0.12,0.125,0.245,63,60,3.87,1.265,174,174,0,1010.1,978,111,300,816
Eduardo Escobar,3B,32.8,2,"$20,000,000 ","$10,000,000 ",5.4,11,1128,3908,503,1001,138,536,21,293,0.256,0.309,0.436,0.745,,,,,,,,,,,,
Michael Pineda,SP,30.8,2,"$20,000,000 ","$10,000,000 ",3.2,6,8,15,0,2,0,0,0,0,0.133,0.133,0.133,0.267,51,46,4.04,1.184,143,143,0,826,793,114,185,827
Jed Lowrie,2B,34.7,2,"$20,000,000 ","$10,000,000 ",7.1,11,1109,3984,521,1043,104,509,7,438,0.262,0.335,0.414,0.749,,,,,,,,,,,,
Wilson Ramos,C,31.3,2,"$19,000,000 ","$9,500,000 ",5.7,9,760,2726,282,745,109,426,0,182,0.273,0.317,0.439,0.756,,,,,,,,,,,,
Kevin Gausman,SP,29.8,1,"$18,900,000 ","$18,900,000 ",3.6,8,50,56,1,2,0,0,0,5,0.036,0.115,0.036,0.15,50,66,4.26,1.329,203,164,0,985.1,1014,138,296,934
Marcus Stroman,SP,29.5,1,"$18,900,000 ","$18,900,000 ",3.9,6,26,38,7,4,1,1,0,0,0.105,0.105,0.211,0.316,51,47,3.76,1.292,146,140,1,849.1,853,78,244,695
Tommy La Stella,2B,31.9,3,"$18,750,000 ","$6,250,000 ",2.7,7,531,1316,164,360,31,163,5,143,0.274,0.349,0.405,0.754,,,,,,,,,,,,
Brandon Belt,1B,33.5,1,"$18,400,000 ","$18,400,000 ",5.2,11,1232,4136,603,1092,167,561,46,580,0.264,0.358,0.464,0.823,,,,,,,,,,,,
Yasmani Grandal,C,30.2,1,"$18,250,000 ","$18,250,000 ",8.9,7,726,2280,295,547,113,339,6,348,0.24,0.341,0.441,0.782,,,,,,,,,,,,
Eddie Rosario,LF,30.4,2,"$18,000,000 ","$9,000,000 ",3.8,7,808,3040,442,836,133,450,50,159,0.275,0.309,0.473,0.782,,,,,,,,,,,,
Kolten Wong,2B,30.2,2,"$18,000,000 ","$9,000,000 ",9.3,8,852,2697,351,703,53,281,88,233,0.261,0.333,0.384,0.717,,,,,,,,,,,,
Marcus Semien,2B,30.3,1,"$18,000,000 ","$18,000,000 ",13.3,8,858,3266,467,830,115,380,66,326,0.254,0.322,0.425,0.747,,,,,,,,,,,,
Mike Minor,SP,32.9,2,"$18,000,000 ","$9,000,000 ",11.7,9,112,210,13,25,2,10,0,9,0.119,0.155,0.176,0.331,71,66,3.98,1.223,248,181,6,1152.1,1074,153,335,1048
Marcell Ozuna,DH,29.2,1,"$18,000,000 ","$18,000,000 ",10.2,7,931,3536,467,963,148,538,26,291,0.272,0.329,0.455,0.784,,,,,,,,,,,,
Cole Hamels,SP,35.9,1,"$18,000,000 ","$18,000,000 ",9.2,14,331,688,40,116,2,34,1,19,0.169,0.195,0.206,0.401,163,121,3.42,1.183,422,421,0,2694.2,2421,310,766,2558
Kelvin Herrera,RP,29,2,"$18,000,000 ","$9,000,000 ",4,8,57,0,0,0,0,0,0,0,,,,,24,29,2.82,1.154,463,0,60,460,395,40,136,454
Blake Treinen,RP,32.5,2,"$17,500,000 ","$8,750,000 ",4,7,186,14,0,1,0,0,0,1,0.071,0.133,0.071,0.205,29,25,3.02,1.278,372,7,72,425.2,377,28,167,413
Carlos Santana,1B,34.7,2,"$17,500,000 ","$8,750,000 ",7.7,11,1495,5333,799,1325,240,796,46,991,0.248,0.366,0.446,0.812,,,,,,,,,,,,
Corey Dickerson,LF,30.6,2,"$17,500,000 ","$8,750,000 ",7.2,7,776,2716,375,776,115,370,23,168,0.286,0.328,0.504,0.832,,,,,,,,,,,,
Joe Kelly,RP,33.8,2,"$17,000,000 ","$8,500,000 ",0.4,10,189,92,7,15,0,5,1,0,0.163,0.179,0.207,0.385,50,29,3.83,1.362,365,80,5,730.2,697,64,298,619
Clayton Kershaw,SP,33.9,1,"$17,000,000 ","$17,000,000 ",7.7,14,357,698,46,113,1,40,1,34,0.162,0.205,0.185,0.39,185,84,2.49,1.004,379,376,0,2454.2,1859,196,606,2670
Hector Neris,RP,32.4,2,"$17,000,000 ","$8,500,000 ",2.8,8,359,4,0,0,0,0,0,0,0,0,0,0,21,29,3.42,1.192,405,0,84,407.2,335,59,151,520
Aaron Loup,RP,33.9,2,"$17,000,000 ","$8,500,000 ",3.4,10,96,1,0,0,0,0,0,0,0,0,0,0,21,22,3.05,1.195,471,2,6,407.2,367,29,120,383
Leury Garcia,2B,30.7,3,"$16,500,000 ","$5,500,000 ",4,9,604,1917,252,497,31,181,62,102,0.259,0.302,0.364,0.666,,,,,,,,,,,,
Kenley Jansen,RP,34.4,1,"$16,000,000 ","$16,000,000 ",2.9,12,640,9,1,3,0,1,0,1,0.333,0.4,0.444,0.844,37,26,2.37,0.928,701,0,350,705,450,63,204,1022
Kole Calhoun,RF,32.2,2,"$16,000,000 ","$8,000,000 ",3.6,8,966,3547,530,884,140,451,29,367,0.249,0.322,0.424,0.747,,,,,,,,,,,,
Jordan Lyles,SP,29.1,2,"$16,000,000 ","$8,000,000 ",1.2,9,215,217,16,25,2,15,0,11,0.115,0.162,0.161,0.323,43,60,5.11,1.436,245,143,2,909.2,991,122,315,696
Travis d'Arnaud,C,30.8,2,"$16,000,000 ","$8,000,000 ",2.2,7,500,1688,202,415,63,231,1,142,0.246,0.307,0.412,0.719,,,,,,,,,,,,
Trevor May,RP,31.2,2,"$15,500,000 ","$7,750,000 ",1.9,6,10,3,0,0,0,0,0,0,0,0,0,0,23,21,4.44,1.304,215,26,7,316,309,42,103,367
Garrett Richards,SP,30.5,2,"$15,500,000 ","$7,750,000 ",1.7,8,9,13,0,0,0,0,0,0,0,0,0,0,45,38,3.54,1.249,170,115,2,744.2,662,62,268,645
Nelson Cruz,DH,41.7,1,"$15,000,000 ","$15,000,000 ",8.7,17,1882,6910,1031,1913,449,1238,79,683,0.277,0.346,0.527,0.873,,,,,,,,,,,,
Charlie Morton,SP,37,1,"$15,000,000 ","$15,000,000 ",8.5,13,158,266,4,20,0,6,0,3,0.075,0.085,0.09,0.175,93,89,4.08,1.334,259,258,0,1439.1,1402,122,518,1276
Wade Miley,SP,33.1,2,"$15,000,000 ","$7,500,000 ",2.8,9,129,243,13,37,1,12,0,10,0.152,0.186,0.185,0.371,85,82,4.23,1.383,249,245,0,1403.2,1451,157,490,1115
Joakim Soria,RP,34.6,2,"$15,000,000 ","$7,500,000 ",2.5,11,90,0,0,0,0,0,0,0,,,,,31,35,2.88,1.126,639,0,220,634.1,525,51,189,688
Nelson Cruz,DH,38.4,1,"$14,300,000 ","$14,300,000 ",12,14,1569,5758,838,1580,360,1011,76,551,0.274,0.342,0.518,0.86,,,,,,,,,,,,
Ryan Tepera,RP,34.3,2,"$14,000,000 ","$7,000,000 ",2,7,58,1,0,0,0,0,0,0,0,0,0,0,12,14,3.48,1.117,302,1,12,297.1,224,36,108,308
Mark Melancon,RP,36.7,2,"$14,000,000 ","$7,000,000 ",4.2,13,564,0,0,0,0,0,0,1,,1,,,34,30,2.79,1.141,670,0,244,670.2,594,39,171,608
Didi Gregorius,SS,29.8,1,"$14,000,000 ","$14,000,000 ",9.8,8,851,3096,417,816,110,417,30,201,0.264,0.313,0.429,0.742,,,,,,,,,,,,
Chris Martin,RP,33.4,2,"$14,000,000 ","$7,000,000 ",2.2,4,39,0,0,0,0,0,0,0,,,,,2,10,4.51,1.257,144,0,5,133.2,148,18,20,134
Zack Greinke,SP,38.3,1,"$13,000,000 ","$13,000,000 ",8.5,18,259,521,49,117,9,34,9,26,0.225,0.262,0.336,0.598,219,132,3.41,1.159,530,488,1,3110,2892,328,712,2809
Andrew Chafin,RP,31.7,2,"$13,000,000 ","$6,500,000 ",3.5,8,347,5,0,1,0,1,0,0,0.2,0.2,0.2,0.4,12,17,3.3,1.238,412,3,8,343.1,288,21,137,355
Yan Gomes,C,34.3,2,"$13,000,000 ","$6,500,000 ",4.7,10,882,3006,369,742,117,416,5,185,0.247,0.299,0.421,0.72,,,,,,,,,,,,
Nelson Cruz,DH,40.6,1,"$13,000,000 ","$13,000,000 ",9.2,16,1742,6397,952,1777,417,1152,76,632,0.278,0.347,0.529,0.876,,,,,,,,,,,,
Brett Gardner,LF,36.2,1,"$12,500,000 ","$12,500,000 ",12.6,12,1499,5220,876,1355,124,524,267,613,0.26,0.342,0.401,0.743,,,,,,,,,,,,
Starlin Castro,2B,29.8,2,"$12,000,000 ","$6,000,000 ",4.8,10,1470,5773,664,1617,133,636,89,309,0.28,0.319,0.414,0.733,,,,,,,,,,,,
Trevor Rosenthal,RP,30.7,1,"$11,000,000 ","$11,000,000 ",-0.2,8,325,4,0,0,0,0,0,0,0,0,0,0,12,25,3.36,1.321,373,0,132,364,304,19,177,490
Corey Kluber,SP,34.8,1,"$11,000,000 ","$11,000,000 ",5.6,10,15,26,2,3,0,0,0,1,0.115,0.148,0.154,0.302,98,58,3.16,1.086,209,204,0,1342.2,1165,132,293,1462
Drew Smyly,SP,31.4,1,"$11,000,000 ","$11,000,000 ",0,7,18,23,1,0,0,0,0,1,0,0.042,0,0.042,35,35,4.13,1.258,188,111,3,710.2,669,111,225,714
Daniel Hudson,RP,32.8,2,"$11,000,000 ","$5,500,000 ",1.3,10,307,108,7,24,1,21,0,5,0.222,0.261,0.296,0.557,49,35,3.83,1.256,379,61,17,692.2,647,71,223,616
Matt Harvey,SP,29.7,1,"$11,000,000 ","$11,000,000 ",-0.4,6,129,250,8,27,1,14,0,4,0.108,0.122,0.148,0.27,41,44,3.8,1.202,133,128,0,767.1,719,86,203,723
Andrelton Simmons,SS,31.3,1,"$10,500,000 ","$10,500,000 ",7.7,9,1060,3954,456,1064,67,406,67,265,0.269,0.317,0.379,0.696,,,,,,,,,,,,
Brad Hand,RP,30.8,1,"$10,500,000 ","$10,500,000 ",2.8,10,269,72,2,5,0,4,0,0,0.069,0.069,0.069,0.139,26,43,3.65,1.235,396,43,105,608.2,526,63,226,624
Dellin Betances,RP,31.8,1,"$10,500,000 ","$10,500,000 ",3,8,28,1,0,0,0,0,0,0,0,0,0,0,21,22,2.36,1.043,358,1,36,381.2,228,26,170,621
Brad Miller,LF,32.3,2,"$10,000,000 ","$5,000,000 ",2.7,9,947,2854,369,681,115,367,39,322,0.239,0.317,0.425,0.742,,,,,,,,,,,,
Collin McHugh,RP,34.7,2,"$10,000,000 ","$5,000,000 ",2.3,9,33,28,1,2,0,0,0,0,0.071,0.071,0.071,0.143,64,44,3.77,1.229,247,126,1,864.2,819,96,244,845
James Paxton,SP,33,1,"$10,000,000 ","$10,000,000 ",1.9,9,8,12,1,0,0,1,0,2,0,0.143,0,0.143,57,33,3.59,1.212,137,137,0,754.2,684,81,231,831
Corey Knebel,RP,30,1,"$10,000,000 ","$10,000,000 ",0.6,7,231,2,0,0,0,0,0,0,0,0,0,0,10,11,3.23,1.218,266,4,60,262,204,30,115,366
Brooks Raley,RP,33.4,2,"$10,000,000 ","$5,000,000 ",-0.2,4,18,13,0,2,0,0,0,0,0.154,0.154,0.154,0.308,3,6,5.62,1.314,93,5,3,107.1,100,18,41,122
Garrett Richards,SP,32.6,1,"$10,000,000 ","$10,000,000 ",1,10,12,15,0,0,0,0,0,0,0,0,0,0,47,41,3.62,1.255,187,128,2,804.2,719,71,291,702
Kyle Schwarber,LF,27.8,1,"$10,000,000 ","$10,000,000 ",4.5,6,551,1806,295,416,121,279,11,274,0.23,0.336,0.48,0.816,,,,,,,,,,,,
Robbie Grossman,RF,31.2,2,"$10,000,000 ","$5,000,000 ",3.6,8,726,2362,319,596,50,254,37,345,0.252,0.35,0.38,0.73,,,,,,,,,,,,
Rick Porcello,SP,30.9,1,"$10,000,000 ","$10,000,000 ",3,11,24,45,1,8,0,5,0,0,0.178,0.178,0.222,0.4,149,118,4.36,1.311,343,339,0,2037.1,2196,255,474,1507
Blake Treinen,RP,31.4,1,"$10,000,000 ","$10,000,000 ",5.4,6,186,14,0,1,0,0,0,1,0.071,0.133,0.071,0.205,26,22,2.97,1.283,345,7,71,400,354,27,159,391
Yan Gomes,C,32.3,2,"$10,000,000 ","$5,000,000 ",5.4,8,749,2548,306,623,99,351,4,160,0.245,0.297,0.42,0.717,,,,,,,,,,,,
Mike Moustakas,3B,30.4,1,"$10,000,000 ","$10,000,000 ",4.4,8,988,3611,408,908,147,474,15,263,0.251,0.307,0.431,0.737,,,,,,,,,,,,
Justin Wilson,RP,31.4,2,"$10,000,000 ","$5,000,000 ",2.7,7,231,7,0,0,0,0,0,0,0,0,0,0,26,19,3.33,1.268,412,0,14,370.2,304,27,166,407
Kurt Suzuki,C,35.1,2,"$10,000,000 ","$5,000,000 ",5,12,1394,4814,515,1243,114,619,19,329,0.258,0.315,0.387,0.702,,,,,,,,,,,,
Yadier Molina,C,38.5,1,"$9,000,000 ","$9,000,000 ",3.2,17,2025,7115,713,2001,160,932,66,513,0.281,0.333,0.404,0.737,,,,,,,,,,,,
Craig Stammen,RP,35.8,2,"$9,000,000 ","$4,500,000 ",4.7,10,414,96,6,21,0,10,0,6,0.219,0.262,0.302,0.564,44,37,3.63,1.251,438,38,5,732,707,71,209,605
Julio Teheran,SP,28.8,1,"$9,000,000 ","$9,000,000 ",6.8,9,223,382,10,56,1,26,0,9,0.147,0.169,0.17,0.339,77,73,3.67,1.211,229,226,0,1360,1189,176,458,1184
Kevin Gausman,SP,28.9,1,"$9,000,000 ","$9,000,000 ",4.2,7,50,56,1,2,0,0,0,5,0.036,0.115,0.036,0.15,47,63,4.3,1.344,191,154,0,925.2,964,130,280,855
Brian Dozier,2B,31.6,1,"$9,000,000 ","$9,000,000 ",11.5,7,1002,3885,609,954,172,511,102,426,0.246,0.324,0.444,0.768,,,,,,,,,,,,
Trevor Cahill,SP,30.8,1,"$9,000,000 ","$9,000,000 ",3,10,178,179,7,21,0,12,0,5,0.117,0.141,0.145,0.287,80,83,4.08,1.359,304,208,1,1343.1,1278,138,548,1007
Andrew McCutchen,DH,35.4,1,"$8,500,000 ","$8,500,000 ",3,13,1761,6520,1052,1826,270,933,197,926,0.28,0.373,0.476,0.849,,,,,,,,,,,,
Andrew Heaney,SP,30.4,1,"$8,500,000 ","$8,500,000 ",2.8,8,15,24,2,3,0,0,0,1,0.125,0.16,0.125,0.285,32,38,4.72,1.263,121,112,0,634.1,622,114,179,650
James Paxton,SP,32.2,1,"$8,500,000 ","$8,500,000 ",4.9,8,8,12,1,0,0,1,0,2,0,0.143,0,0.143,57,33,3.58,1.213,136,136,0,753.1,684,81,230,829
Cody Allen,RP,30.1,1,"$8,500,000 ","$8,500,000 ",3.4,7,32,0,0,0,0,0,0,0,,,,,24,29,2.98,1.189,456,0,149,440.2,351,46,173,564
Kirby Yates,RP,34.7,2,"$8,250,000 ","$4,125,000 ",2.6,7,182,2,0,0,0,0,0,0,0,0,0,0,12,17,3.54,1.148,291,0,57,282.1,230,40,94,400
Tyler Anderson,SP,32.2,1,"$8,000,000 ","$8,000,000 ",1.1,6,92,157,11,15,2,5,0,9,0.096,0.15,0.134,0.283,29,38,4.62,1.315,117,113,0,623.2,633,98,187,542
Jake Diekman,RP,35.1,2,"$8,000,000 ","$4,000,000 ",2.1,10,218,1,0,0,0,0,0,0,0,0,0,0,20,25,3.73,1.371,529,0,14,456,371,34,254,581
Corey Kluber,SP,35.6,1,"$8,000,000 ","$8,000,000 ",1.1,11,16,28,2,3,0,0,0,1,0.107,0.138,0.143,0.281,103,61,3.19,1.1,225,220,0,1422.2,1239,140,326,1544
Eddie Rosario,LF,29.3,1,"$8,000,000 ","$8,000,000 ",6.9,6,697,2661,400,738,119,388,39,133,0.277,0.31,0.478,0.788,,,,,,,,,,,,
Adam Wainwright,SP,39.3,1,"$8,000,000 ","$8,000,000 ",2.6,15,391,685,54,136,10,71,0,24,0.199,0.225,0.302,0.527,167,98,3.38,1.225,393,326,3,2169.1,2066,176,591,1830
J.A. Happ,SP,38.2,1,"$8,000,000 ","$8,000,000 ",5.6,14,132,197,13,20,1,6,0,10,0.102,0.145,0.127,0.272,123,92,3.98,1.301,324,298,0,1741.1,1645,231,620,1539
Robbie Ray,SP,29.1,1,"$8,000,000 ","$8,000,000 ",1.8,7,131,233,11,34,1,9,0,4,0.146,0.16,0.185,0.344,49,51,4.26,1.384,161,157,0,842.1,765,123,401,1042
Joe Smith,RP,35.7,2,"$8,000,000 ","$4,000,000 ",2.1,13,190,2,0,0,0,0,0,0,0,0,0,0,50,29,2.98,1.165,782,0,30,695.1,573,54,237,615
Ian Kinsler,2B,36.4,2,"$8,000,000 ","$4,000,000 ",10,13,1801,7165,1215,1943,248,887,241,674,0.271,0.339,0.443,0.782,,,,,,,,,,,,
Jesse Chavez,RP,35.2,2,"$8,000,000 ","$4,000,000 ",2.6,11,185,17,0,1,0,0,0,0,0.059,0.059,0.059,0.118,38,53,4.45,1.348,415,70,7,838,863,125,267,747
Tommy Pham,LF,34,1,"$7,500,000 ","$7,500,000 ",5.2,8,732,2403,415,636,97,300,89,351,0.265,0.364,0.447,0.81,,,,,,,,,,,,
Jake Diekman,RP,32.8,2,"$7,500,000 ","$3,750,000 ",0.7,8,214,0,0,0,0,0,0,0,,,,,15,22,3.9,1.401,441,0,7,374,316,23,208,467
Jonathan Schoop,2B,27.1,1,"$7,500,000 ","$7,500,000 ",12.2,6,681,2484,322,640,110,333,7,98,0.258,0.294,0.444,0.738,,,,,,,,,,,,
Jordan Lyles,SP,31.1,1,"$7,000,000 ","$7,000,000 ",0.7,11,218,223,16,25,2,15,0,11,0.112,0.157,0.157,0.314,54,79,5.21,1.435,289,182,2,1147.1,1252,172,394,878
Daniel Hudson,RP,34.7,1,"$7,000,000 ","$7,000,000 ",2.4,12,355,108,7,24,1,21,0,5,0.222,0.261,0.296,0.557,57,40,3.86,1.244,454,61,27,765,702,85,250,719
Michael Wacha,SP,30.3,1,"$7,000,000 ","$7,000,000 ",-0.6,9,159,251,16,23,0,16,1,9,0.092,0.123,0.1,0.222,63,48,4.14,1.331,202,181,0,1026.1,1027,129,339,917
Ken Giles,RP,30.3,2,"$7,000,000 ","$3,500,000 ",2,7,125,0,0,0,0,0,0,0,,,,,14,18,2.74,1.117,357,0,115,351,282,28,110,478
Joc Pederson,LF,28.8,1,"$7,000,000 ","$7,000,000 ",4.7,7,748,2153,345,496,130,303,17,304,0.23,0.336,0.47,0.806,,,,,,,,,,,,
Jason Castro,C,33.6,2,"$7,000,000 ","$3,500,000 ",0.4,10,852,2754,340,634,88,301,5,314,0.23,0.312,0.39,0.702,,,,,,,,,,,,
Homer Bailey,SP,33.6,1,"$7,000,000 ","$7,000,000 ",0.2,13,208,373,22,61,0,18,0,11,0.164,0.19,0.185,0.375,80,86,4.57,1.37,243,243,0,1393.2,1449,174,460,1150
Derek Holland,RP,32.2,1,"$7,000,000 ","$7,000,000 ",1.4,10,42,68,3,5,0,0,0,3,0.074,0.113,0.088,0.201,76,73,4.44,1.363,244,214,0,1291.1,1307,182,453,1063
Jason Castro,C,32.5,1,"$6,850,000 ","$6,850,000 ",3.2,9,825,2674,332,619,86,292,5,302,0.231,0.313,0.39,0.703,,,,,,,,,,,,
Michael Lorenzen,SP,29.8,1,"$6,750,000 ","$6,750,000 ",2.9,7,321,133,20,31,7,24,5,7,0.233,0.282,0.429,0.71,23,23,4.07,1.371,295,26,14,473.1,452,52,197,406
Robinson Chirinos,C,35.6,1,"$6,750,000 ","$6,750,000 ",8.1,8,576,1758,248,411,85,262,4,197,0.234,0.329,0.439,0.767,,,,,,,,,,,,
Kevin Pillar,CF,32.1,2,"$6,500,000 ","$3,250,000 ",3.6,8,905,3270,419,858,82,344,88,142,0.262,0.299,0.408,0.707,,,,,,,,,,,,
Chris Archer,SP,32.3,1,"$6,500,000 ","$6,500,000 ",1.5,8,46,80,4,8,0,3,0,4,0.1,0.143,0.113,0.255,60,80,3.86,1.253,212,210,0,1235,1127,150,420,1349
Wilmer Flores,1B,28.4,2,"$6,250,000 ","$3,125,000 ",1.7,7,670,2131,245,572,77,290,3,120,0.268,0.31,0.432,0.742,,,,,,,,,,,,
Howie Kendrick,2B,36.3,1,"$6,250,000 ","$6,250,000 ",4.4,14,1596,5859,781,1722,125,710,126,342,0.294,0.337,0.431,0.768,,,,,,,,,,,,
Jonathan Schoop,2B,28.2,1,"$6,100,000 ","$6,100,000 ",10.4,7,802,2917,383,751,133,392,8,118,0.257,0.295,0.449,0.744,,,,,,,,,,,,
C.J. Cron,1B,29.9,1,"$6,100,000 ","$6,100,000 ",4.8,6,673,2325,274,601,114,365,9,139,0.258,0.311,0.462,0.774,,,,,,,,,,,,
Joc Pederson,LF,29.8,1,"$6,000,000 ","$6,000,000 ",2.6,8,885,2582,400,598,148,364,19,343,0.232,0.332,0.462,0.794,,,,,,,,,,,,
Brad Hand,RP,31.9,1,"$6,000,000 ","$6,000,000 ",1.5,11,320,72,2,5,0,4,0,0,0.069,0.069,0.069,0.139,32,50,3.68,1.239,464,43,126,673.1,582,72,252,685
Jeurys Familia,RP,32.4,1,"$6,000,000 ","$6,000,000 ",0.1,10,421,5,0,2,0,1,0,0,0.4,0.4,0.4,0.8,32,25,3.28,1.311,499,1,125,498.2,423,35,231,527
Jake Arrieta,SP,34.9,1,"$6,000,000 ","$6,000,000 ",4,11,175,359,22,60,6,27,0,14,0.167,0.198,0.256,0.455,110,79,3.76,1.22,261,255,0,1513.2,1319,157,527,1350
Archie Bradley,RP,28.4,1,"$6,000,000 ","$6,000,000 ",1.8,6,225,62,2,6,0,5,0,0,0.097,0.095,0.097,0.192,23,25,3.91,1.359,255,35,28,412,391,38,169,425
Anthony DeSclafani,RP,30.6,1,"$6,000,000 ","$6,000,000 ",3,6,112,206,5,27,1,11,0,5,0.131,0.151,0.155,0.306,37,39,4.29,1.294,125,115,0,656.1,664,97,185,582
Steve Cishek,RP,33.5,1,"$6,000,000 ","$6,000,000 ",5.1,10,445,9,1,1,0,0,0,0,0.111,0.111,0.111,0.222,32,37,2.69,1.151,572,0,132,556,429,37,211,584
Nick Markakis,RF,35.2,1,"$6,000,000 ","$6,000,000 ",5,13,2001,7758,1043,2237,179,969,64,834,0.288,0.358,0.424,0.782,,,,,,,,,,,,
Tyson Ross,SP,31.6,1,"$5,750,000 ","$5,750,000 ",0.2,9,132,190,14,38,2,13,1,6,0.2,0.229,0.253,0.481,43,65,3.95,1.345,196,135,1,869.1,799,66,370,791
Robinson Chirinos,C,34.4,1,"$5,750,000 ","$5,750,000 ",5,7,462,1392,191,324,68,204,3,146,0.233,0.324,0.438,0.761,,,,,,,,,,,,
Garrett Richards,SP,33.8,1,"$5,500,000 ","$5,500,000 ",0.9,11,16,20,0,1,0,1,0,0,0.05,0.05,0.1,0.15,54,49,3.81,1.305,227,150,5,941.1,877,90,351,817
Michael Pineda,SP,33.2,1,"$5,500,000 ","$5,500,000 ",4.5,8,10,18,0,2,0,0,0,0,0.111,0.111,0.111,0.222,62,54,3.98,1.19,170,169,0,962,932,131,213,940
Josh Harrison,2B,34.7,1,"$5,500,000 ","$5,500,000 ",1.5,11,1049,3508,442,960,64,351,89,163,0.274,0.318,0.401,0.719,0,0,0,0,1,0,0,0.1,0,0,0,0
Kirby Yates,RP,33.8,1,"$5,500,000 ","$5,500,000 ",4.8,7,182,2,0,0,0,0,0,0,0,0,0,0,12,17,3.54,1.148,291,0,57,282.1,230,40,94,400
Drew Smyly,SP,32.8,1,"$5,250,000 ","$5,250,000 ",0.4,8,47,64,1,3,0,0,0,1,0.047,0.062,0.047,0.108,46,39,4.18,1.275,217,134,3,837.1,802,138,266,831
Tommy Kahnle,RP,31.3,2,"$5,250,000 ","$2,625,000 ",0,7,98,3,0,0,0,0,0,0,0,0,0,0,9,9,3.82,1.286,285,0,4,277.2,225,28,132,344
Jordy Mercer,SS,32.2,1,"$5,250,000 ","$5,250,000 ",2,7,821,2710,291,693,55,277,13,222,0.256,0.316,0.383,0.699,,,,,,,,,,,,
Billy Hamilton,CF,28.2,1,"$5,250,000 ","$5,250,000 ",5,6,690,2491,365,611,21,161,277,190,0.245,0.298,0.333,0.631,,,,,,,,,,,,
Kole Calhoun,RF,34.1,1,"$5,200,000 ","$5,200,000 ",2.9,10,1071,3903,582,966,161,508,31,410,0.248,0.322,0.427,0.749,,,,,,,,,,,,
Brett Gardner,LF,37.4,2,"$5,150,000 ","$2,575,000 ",8.3,13,1548,5350,896,1384,129,539,270,639,0.259,0.343,0.401,0.743,,,,,,,,,,,,
Justin Wilson,RP,33.4,2,"$5,150,000 ","$2,575,000 ",2,9,271,7,0,0,0,0,0,0,0,0,0,0,32,22,3.27,1.279,480,0,18,429.1,355,32,194,474
Mychal Givens,RP,31.8,1,"$5,000,000 ","$5,000,000 ",2.4,7,72,2,0,0,0,0,0,0,0,0,0,0,25,20,3.41,1.173,360,0,29,396.1,305,46,160,466
Corey Dickerson,LF,32.8,1,"$5,000,000 ","$5,000,000 ",1.3,9,937,3246,443,917,128,416,30,208,0.283,0.327,0.488,0.815,,,,,,,,,,,,
Dylan Bundy,SP,29,1,"$5,000,000 ","$5,000,000 ",3.5,7,8,14,1,2,0,0,0,0,0.143,0.143,0.143,0.286,46,57,4.72,1.308,161,133,0,770.2,751,139,257,758
Rich Hill,SP,41.7,1,"$5,000,000 ","$5,000,000 ",3.5,17,150,256,4,29,0,13,0,3,0.113,0.13,0.133,0.263,74,52,3.8,1.221,324,195,0,1134.2,940,136,445,1185
Adam Duvall,RF,32.4,1,"$5,000,000 ","$5,000,000 ",2.3,7,598,1970,276,459,113,329,13,148,0.233,0.293,0.468,0.761,,,,,,,,,,,,
Jake McGee,RP,34.5,2,"$5,000,000 ","$2,500,000 ",-0.3,11,234,0,0,0,0,0,0,0,,,,,28,23,3.59,1.154,546,0,45,475.2,415,57,134,530
Anthony Bass,RP,33.2,2,"$5,000,000 ","$2,500,000 ",1.7,9,92,38,3,4,0,6,1,0,0.105,0.105,0.158,0.263,9,16,4.32,1.324,217,18,15,373,358,37,136,266
Jon Lester,SP,37,1,"$5,000,000 ","$5,000,000 ",3.7,15,165,318,24,34,3,28,1,19,0.107,0.156,0.16,0.317,193,111,3.6,1.265,424,423,0,2598.2,2451,269,837,2397
Todd Frazier,3B,33.9,1,"$5,000,000 ","$5,000,000 ",7.5,9,1186,4200,585,1019,214,624,72,424,0.243,0.32,0.45,0.77,,,,,,,,,,,,
Gio Gonzalez,SP,34.2,1,"$5,000,000 ","$5,000,000 ",9.3,12,221,410,16,37,3,17,0,9,0.09,0.118,0.129,0.247,130,99,3.68,1.315,332,324,0,1901.1,1704,165,796,1826
Justin Smoak,1B,33,1,"$5,000,000 ","$5,000,000 ",6.2,10,1250,4034,491,930,191,555,3,542,0.231,0.324,0.42,0.744,,,,,,,,,,,,
Sergio Romo,RP,36.8,1,"$5,000,000 ","$5,000,000 ",1.5,12,569,7,0,0,0,0,0,0,0,0,0,0,40,32,2.92,1.016,708,5,129,623,488,66,145,692
Brett Anderson,SP,31.8,1,"$5,000,000 ","$5,000,000 ",3.2,11,56,87,2,12,0,5,0,6,0.138,0.194,0.172,0.366,59,61,4.05,1.335,188,176,3,997.1,1065,98,266,682
Adam Wainwright,SP,38.2,1,"$5,000,000 ","$5,000,000 ",2.9,14,391,685,54,136,10,71,0,24,0.199,0.225,0.302,0.527,162,95,3.39,1.23,383,316,3,2103.2,2012,167,576,1776
Freddy Galvis,SS,29.2,1,"$5,000,000 ","$5,000,000 ",5.1,7,804,2867,298,704,65,300,51,173,0.246,0.29,0.374,0.664,,,,,,,,,,,,
Daniel Descalso,2B,32.1,2,"$5,000,000 ","$2,500,000 ",0.9,9,997,2351,306,564,46,279,24,280,0.24,0.324,0.37,0.694,0,0,4.76,0.882,5,0,0,5.2,4,2,1,2
Ian Kennedy,RP,37.2,1,"$4,750,000 ","$4,750,000 ",2.1,15,215,321,21,42,1,18,0,33,0.131,0.213,0.181,0.394,100,106,4.1,1.279,424,290,56,1837.2,1733,265,618,1710
Zach Davies,SP,29.1,1,"$4,500,000 ","$4,500,000 ",3.4,7,143,215,15,27,0,9,0,9,0.126,0.161,0.144,0.305,56,48,4.14,1.333,155,155,0,831.2,835,104,274,611
Donovan Solano,2B,34.2,1,"$4,500,000 ","$4,500,000 ",4.1,8,606,1780,183,493,23,182,13,110,0.277,0.325,0.372,0.698,,,,,,,,,,,,
Jonathan Schoop,2B,29.2,1,"$4,500,000 ","$4,500,000 ",5.2,8,846,3079,409,796,141,415,8,126,0.259,0.297,0.45,0.747,,,,,,,,,,,,
Eric Sogard,3B,33.5,1,"$4,500,000 ","$4,500,000 ",4.2,9,694,1952,241,485,24,165,43,187,0.248,0.318,0.343,0.661,,,,,,,,,,,,
Wade Miley,SP,32.2,1,"$4,500,000 ","$4,500,000 ",1.3,8,126,239,12,37,1,12,0,9,0.155,0.185,0.188,0.374,71,76,4.26,1.388,216,212,0,1236.1,1287,134,429,975
Kevin Pillar,CF,31.1,1,"$4,250,000 ","$4,250,000 ",5.7,7,851,3062,385,798,76,318,83,129,0.261,0.296,0.405,0.701,,,,,,,,,,,,
Alex Avila,C,32.8,1,"$4,250,000 ","$4,250,000 ",4.3,11,995,2922,341,688,103,386,8,498,0.235,0.348,0.396,0.744,0,0,2.25,1,3,0,0,4,3,0,1,1
Wilmer Flores,1B,27.4,1,"$4,250,000 ","$4,250,000 ",1.7,6,581,1866,214,488,68,253,3,105,0.262,0.303,0.424,0.727,,,,,,,,,,,,
Austin Romine,C,31,1,"$4,150,000 ","$4,150,000 ",1.1,8,368,1033,114,247,25,135,4,59,0.239,0.281,0.366,0.647,0,0,27,4,1,0,0,1,4,2,0,0
Adam Ottavino,RP,36.2,1,"$4,000,000 ","$4,000,000 ",2.9,11,354,24,1,2,0,0,0,1,0.083,0.12,0.083,0.203,32,31,3.6,1.328,532,3,30,559.2,485,53,258,648
Andrelton Simmons,SS,32.5,1,"$4,000,000 ","$4,000,000 ",3.4,10,1191,4366,493,1156,70,437,68,297,0.265,0.313,0.369,0.683,,,,,,,,,,,,
Chase Anderson,RP,33.2,1,"$4,000,000 ","$4,000,000 ",2.3,7,160,264,6,25,0,10,0,4,0.095,0.115,0.102,0.217,54,42,4.06,1.275,176,167,0,890.2,845,140,291,759
Alex Gordon,OF,35.9,1,"$4,000,000 ","$4,000,000 ",2.6,13,1703,6228,852,1609,186,738,113,666,0.258,0.339,0.413,0.752,0,0,19.29,4.286,2,0,0,2.1,8,1,2,0
Alex Wood,SP,29,1,"$4,000,000 ","$4,000,000 ",3.8,7,169,238,8,23,0,12,1,9,0.097,0.13,0.105,0.235,53,43,3.4,1.223,179,136,0,839,788,79,238,768
Eric Thames,1B,33.1,1,"$4,000,000 ","$4,000,000 ",2.8,5,564,1745,276,426,93,223,17,193,0.244,0.327,0.478,0.805,,,,,,,,,,,,
Travis Shaw,1B,29.7,1,"$4,000,000 ","$4,000,000 ",6.5,5,592,1972,273,480,99,310,20,235,0.243,0.327,0.451,0.778,,,,,,,,,,,,
Marco Estrada,SP,35.5,1,"$4,000,000 ","$4,000,000 ",5.7,11,150,135,4,19,0,7,0,7,0.141,0.183,0.17,0.353,62,66,4.24,1.213,278,189,0,1227.2,1102,192,387,1083
Jon Jay,RF,33.8,1,"$4,000,000 ","$4,000,000 ",2.7,9,1131,3609,513,1030,36,327,55,274,0.285,0.352,0.378,0.729,,,,,,,,,,,,
Matt Adams,1B,30.2,1,"$4,000,000 ","$4,000,000 ",1.7,7,707,2026,248,539,96,332,4,139,0.266,0.314,0.47,0.784,,,,,,,,,,,,
Chris Archer,SP,33.5,1,"$3,750,000 ","$3,750,000 ",0.7,9,47,80,4,8,0,3,0,4,0.1,0.143,0.113,0.255,61,81,3.87,1.254,218,215,0,1254.1,1145,153,428,1370
Archie Bradley,RP,29.6,1,"$3,750,000 ","$3,750,000 ",2.2,7,274,63,2,6,0,5,0,0,0.095,0.094,0.095,0.189,30,28,3.89,1.367,308,35,30,463,442,43,191,465
Jonathan Villar,SS,29.8,1,"$3,550,000 ","$3,550,000 ",7,8,831,2874,394,744,80,283,218,283,0.259,0.327,0.4,0.727,,,,,,,,,,,,
David Robertson,RP,36.9,1,"$3,500,000 ","$3,500,000 ",-0.1,13,64,0,0,0,0,0,0,0,,,,,53,33,2.93,1.156,673,1,137,675.2,511,59,270,896
Brad Miller,LF,31.2,1,"$3,500,000 ","$3,500,000 ",2.5,8,807,2523,316,606,95,318,36,277,0.24,0.316,0.421,0.737,,,,,,,,,,,,
Joakim Soria,RP,36.7,1,"$3,500,000 ","$3,500,000 ",1.8,13,95,0,0,0,0,0,0,0,,,,,35,41,3.01,1.12,732,1,223,725.2,594,61,219,791
Matt Shoemaker,SP,32.2,1,"$3,500,000 ","$3,500,000 ",2.8,6,4,6,0,0,0,0,0,1,0,0.143,0,0.143,40,32,3.93,1.204,101,93,0,545,527,74,129,490
Brandon Kintzler,RP,35.4,1,"$3,250,000 ","$3,250,000 ",3.3,10,322,3,0,0,0,0,0,0,0,0,0,0,20,20,3.37,1.247,430,0,49,424.1,419,37,110,299
Greg Holland,RP,33.2,1,"$3,250,000 ","$3,250,000 ",1.4,8,132,0,0,0,0,0,0,0,,,,,23,20,2.83,1.181,426,0,189,423.1,317,25,183,547
Hunter Renfroe,RF,28.8,1,"$3,100,000 ","$3,100,000 ",4.7,5,432,1445,194,330,97,226,12,118,0.228,0.29,0.486,0.776,,,,,,,,,,,,
Danny Duffy,SP,33.2,1,"$3,000,000 ","$3,000,000 ",4.5,11,11,22,2,3,0,1,0,0,0.136,0.136,0.136,0.273,68,68,3.95,1.316,234,204,1,1172.1,1111,144,432,1048
Chad Kuhl,SP,29.5,1,"$3,000,000 ","$3,000,000 ",0,5,88,113,5,11,0,4,0,3,0.097,0.121,0.115,0.236,25,30,4.44,1.419,100,84,0,439.2,429,59,195,395
Mark Melancon,RP,35.8,1,"$3,000,000 ","$3,000,000 ",2.2,12,505,0,0,0,0,0,0,1,,1,,,30,27,2.85,1.132,606,0,205,606,540,35,146,549
Marwin Gonzalez,3B,31.8,1,"$3,000,000 ","$3,000,000 ",4.5,9,962,3066,370,799,96,369,38,227,0.261,0.317,0.413,0.729,,,,,,,,,,,,
Aaron Loup,RP,33.1,1,"$3,000,000 ","$3,000,000 ",0.8,9,33,1,0,0,0,0,0,0,0,0,0,0,15,22,3.38,1.236,406,0,6,351,330,28,104,326
Tyler Chatwood,RP,31.1,1,"$3,000,000 ","$3,000,000 ",0.9,9,178,204,17,42,0,17,0,8,0.206,0.236,0.24,0.476,51,57,4.4,1.514,197,143,4,846.2,841,86,441,622
Alex Wood,SP,30,1,"$3,000,000 ","$3,000,000 ",0.4,8,169,238,8,23,0,12,1,9,0.097,0.13,0.105,0.235,53,44,3.45,1.232,188,138,0,851.2,805,81,244,783
Michael Wacha,SP,29.4,1,"$3,000,000 ","$3,000,000 ",1.1,8,156,248,16,23,0,16,1,9,0.093,0.124,0.101,0.225,60,43,4.01,1.334,173,158,0,901.2,895,106,308,796
Mike Zunino,C,29.7,1,"$3,000,000 ","$3,000,000 ",1.6,8,705,2226,244,446,108,283,2,164,0.2,0.27,0.394,0.663,,,,,,,,,,,,
Hunter Pence,RF,36.8,1,"$3,000,000 ","$3,000,000 ",0.7,13,1690,6368,887,1786,242,936,120,517,0.28,0.335,0.462,0.797,,,,,,,,,,,,
Mitch Moreland,1B,34.3,1,"$3,000,000 ","$3,000,000 ",4.7,10,1137,3706,477,932,166,559,11,352,0.251,0.319,0.444,0.763,0,0,0,1,2,0,0,2,2,0,0,1
Rich Hill,SP,39.8,1,"$3,000,000 ","$3,000,000 ",4.6,15,134,232,4,26,0,13,0,3,0.112,0.13,0.134,0.264,65,42,3.82,1.225,284,156,0,937.1,775,112,373,1004
Michael Wacha,SP,28.4,1,"$3,000,000 ","$3,000,000 ",2.5,7,156,248,16,23,0,16,1,9,0.093,0.124,0.101,0.225,59,39,3.91,1.325,165,151,0,867.2,849,97,301,759
Stephen Vogt,C,35,1,"$3,000,000 ","$3,000,000 ",0.7,7,620,1898,211,480,67,258,4,159,0.253,0.31,0.426,0.737,,,,,,,,,,,,
Adam Jones,CF,33.6,1,"$3,000,000 ","$3,000,000 ",4.8,13,1686,6524,897,1813,266,878,95,309,0.278,0.318,0.456,0.774,,,,,,,,,,,,
Clay Buchholz,SP,34.5,1,"$3,000,000 ","$3,000,000 ",2.3,12,29,46,0,4,0,1,0,2,0.087,0.125,0.109,0.234,88,64,3.86,1.29,224,206,0,1273.1,1200,126,442,985
Chris Owings,SS,27.2,1,"$3,000,000 ","$3,000,000 ",1.6,6,580,1960,225,490,31,196,70,109,0.25,0.291,0.378,0.669,,,,,,,,,,,,
Maikel Franco,3B,27.2,1,"$2,950,000 ","$2,950,000 ",0.2,6,656,2338,279,583,102,343,3,173,0.249,0.302,0.431,0.733,,,,,,,,,,,,
Chris Martin,RP,35.8,1,"$2,750,000 ","$2,750,000 ",3.2,6,84,0,0,0,0,0,0,0,,,,,5,15,4.06,1.2,209,0,7,195,205,23,29,187
Andrew Chafin,RP,30.6,1,"$2,750,000 ","$2,750,000 ",1.4,7,305,5,0,1,0,1,0,0,0.2,0.2,0.2,0.4,10,13,3.67,1.314,341,3,3,274.2,243,17,118,291
Greg Holland,RP,35,1,"$2,750,000 ","$2,750,000 ",0.8,10,171,0,0,0,0,0,0,0,,,,,27,22,2.9,1.182,494,0,212,487.1,362,31,214,619
Tyler Clippard,RP,34.8,1,"$2,750,000 ","$2,750,000 ",2.7,13,475,15,0,3,0,0,0,0,0.2,0.2,0.267,0.467,53,46,3.14,1.107,751,12,68,816,578,106,325,905
Darren O'Day,RP,37,1,"$2,750,000 ","$2,750,000 ",1.6,12,44,1,0,0,0,0,0,0,0,0,0,0,36,19,2.55,1.026,585,0,21,560.1,422,58,153,578
Jake Diekman,RP,32,1,"$2,750,000 ","$2,750,000 ",1.5,7,209,0,0,0,0,0,0,0,,,,,14,15,3.75,1.397,365,0,7,312,267,20,169,383
Shawn Kelley,RP,34.8,1,"$2,750,000 ","$2,750,000 ",1.8,10,187,2,0,0,0,0,0,0,0,0,0,0,27,23,3.67,1.167,443,0,15,417.1,357,64,130,478
Lonnie Chisenhall,RF,30.1,1,"$2,750,000 ","$2,750,000 ",3.1,8,688,2159,261,578,64,296,20,150,0.268,0.32,0.427,0.747,,,,,,,,,,,,
Junior Guerra,RP,34.8,1,"$2,650,000 ","$2,650,000 ",1.1,5,134,89,4,13,0,0,0,0,0.146,0.146,0.202,0.348,25,21,3.81,1.286,147,60,3,420.2,363,59,178,383
Yusmeiro Petit,RP,36.2,1,"$2,550,000 ","$2,550,000 ",5.1,13,199,119,6,6,0,3,0,3,0.05,0.074,0.05,0.124,42,41,3.93,1.159,437,59,6,826,764,125,193,730
Albert Pujols,DH,42.2,1,"$2,500,000 ","$2,500,000 ",-0.4,21,2971,11114,1872,3301,679,2150,116,1345,0.297,0.375,0.544,0.919,,,,,,,,,,,,
Joe Smith,RP,37.9,1,"$2,500,000 ","$2,500,000 ",0.9,14,191,2,0,0,0,0,0,0,0,0,0,0,54,33,3.09,1.177,832,0,30,735,620,59,245,649
Brad Boxberger,RP,33.8,1,"$2,500,000 ","$2,500,000 ",1.5,10,184,3,0,0,0,0,0,0,0,0,0,0,27,34,3.52,1.27,414,0,81,393.2,305,54,195,496
Rich Hill,SP,40.9,1,"$2,500,000 ","$2,500,000 ",3.4,16,134,232,4,26,0,13,0,3,0.112,0.13,0.134,0.264,67,44,3.79,1.222,292,164,0,976,803,115,390,1035
Trevor Williams,RP,28.8,1,"$2,500,000 ","$2,500,000 ",3.3,5,88,121,7,13,0,5,0,8,0.107,0.163,0.107,0.27,31,37,4.43,1.337,106,94,0,534.2,538,75,177,416
Adam Warren,RP,31.5,1,"$2,500,000 ","$2,500,000 ",1.8,7,49,6,0,0,0,0,0,0,0,0,0,0,26,23,3.42,1.221,298,21,6,463.2,407,47,159,403
Sergio Romo,RP,35.9,1,"$2,500,000 ","$2,500,000 ",1.5,11,533,7,0,0,0,0,0,0,0,0,0,0,38,31,2.86,1.006,643,5,109,562.2,438,59,128,632
David Phelps,RP,32.2,1,"$2,500,000 ","$2,500,000 ",3.2,6,132,52,0,6,0,1,0,0,0.115,0.132,0.115,0.247,30,33,3.89,1.32,228,64,5,553.2,515,57,216,520
James McCann,C,28.5,1,"$2,500,000 ","$2,500,000 ",1.6,5,452,1536,135,368,40,177,2,91,0.24,0.288,0.366,0.653,,,,,,,,,,,,
Justin Bour,1B,30.5,1,"$2,500,000 ","$2,500,000 ",3.9,5,507,1563,188,407,84,277,3,201,0.26,0.344,0.466,0.811,,,,,,,,,,,,
Matt Moore,RP,29.4,1,"$2,500,000 ","$2,500,000 ",0.7,8,53,85,5,9,0,5,0,2,0.106,0.126,0.106,0.232,54,56,4.56,1.413,179,149,0,884.2,882,114,368,797
Tyler Clippard,RP,36,1,"$2,250,000 ","$2,250,000 ",3,14,475,15,0,3,0,0,0,0,0.2,0.2,0.267,0.467,55,47,3.13,1.1,777,14,68,842,597,108,329,931
Mitch Moreland,1B,35.4,1,"$2,250,000 ","$2,250,000 ",4,11,1179,3842,499,968,176,588,11,367,0.252,0.32,0.448,0.767,0,0,0,1,2,0,0,2,2,0,0,1
Brad Boxberger,RP,30.7,1,"$2,200,000 ","$2,200,000 ",-0.4,7,115,3,0,0,0,0,0,0,0,0,0,0,20,27,3.42,1.28,291,0,76,284.1,219,40,145,368
Niko Goodrum,2B,30,1,"$2,100,000 ","$2,100,000 ",1.5,5,387,1332,171,306,42,151,45,136,0.23,0.303,0.396,0.7,,,,,,,,,,,,
Brad Brach,RP,33.6,2,"$2,100,000 ","$1,050,000 ",1.4,9,212,5,0,1,0,1,0,0,0.2,0.2,0.2,0.4,36,27,3.33,1.311,482,0,33,510.1,437,50,232,542
Jordan Lyles,SP,28.1,1,"$2,050,000 ","$2,050,000 ",-1.8,8,189,172,13,21,2,11,0,10,0.122,0.17,0.18,0.351,31,52,5.28,1.457,217,115,2,768.2,860,97,260,550
Matt Carpenter,3B,36.5,1,"$2,000,000 ","$2,000,000 ",0.2,11,1329,4403,752,1153,155,576,27,699,0.262,0.368,0.449,0.816,0,0,0,1.5,1,0,0,1.1,2,0,0,0
Matt Shoemaker,SP,34.3,1,"$2,000,000 ","$2,000,000 ",1.9,8,4,6,0,0,0,0,0,1,0,0.143,0,0.143,43,33,3.86,1.182,112,104,0,602.1,565,85,147,540
Sergio Romo,RP,37.9,1,"$2,000,000 ","$2,000,000 ",0.9,13,569,7,0,0,0,0,0,0,0,0,0,0,41,34,2.95,1.02,732,5,134,643,504,69,152,715
Mike Foltynewicz,SP,29.2,1,"$2,000,000 ","$2,000,000 ",4.2,7,115,199,8,14,0,9,0,1,0.07,0.075,0.085,0.16,44,42,4.33,1.328,138,118,0,686,672,101,239,655
Wilson Ramos,C,33.4,1,"$2,000,000 ","$2,000,000 ",4.9,11,946,3341,347,915,128,514,1,236,0.274,0.321,0.434,0.755,,,,,,,,,,,,
Hansel Robles,RP,30.3,1,"$2,000,000 ","$2,000,000 ",2.5,6,186,4,0,0,0,0,0,0,0,0,0,0,24,18,3.91,1.25,313,1,27,333.2,283,44,134,360
Taijuan Walker,SP,27.5,1,"$2,000,000 ","$2,000,000 ",3.3,7,33,65,6,13,1,6,0,1,0.2,0.212,0.277,0.489,31,31,3.95,1.255,97,94,0,528.1,498,72,165,478
Jarrod Dyson,CF,35.4,1,"$2,000,000 ","$2,000,000 ",4.3,10,858,2317,361,573,21,170,250,228,0.247,0.319,0.338,0.657,,,,,,,,,,,,
Ryan Zimmerman,1B,35.2,1,"$2,000,000 ","$2,000,000 ",4.7,15,1689,6399,936,1784,270,1015,43,630,0.279,0.343,0.475,0.818,,,,,,,,,,,,
Matt Wieters,C,33.6,1,"$2,000,000 ","$2,000,000 ",0,11,1148,3959,437,989,146,546,9,365,0.25,0.313,0.411,0.724,,,,,,,,,,,,
Jedd Gyorko,3B,31.2,1,"$2,000,000 ","$2,000,000 ",3.2,7,804,2576,298,630,112,353,14,233,0.245,0.309,0.421,0.73,0,0,6.75,1.5,2,0,0,1.1,2,1,0,1
Francisco Cervelli,C,33.8,1,"$2,000,000 ","$2,000,000 ",3.9,12,714,2203,271,592,38,268,16,262,0.269,0.358,0.38,0.738,,,,,,,,,,,,
Kendall Graveman,RP,28.9,1,"$2,000,000 ","$2,000,000 ",0.9,5,6,5,0,0,0,0,0,0,0,0,0,0,23,29,4.38,1.377,83,78,0,446,484,58,130,286
Gio Gonzalez,SP,33.6,1,"$2,000,000 ","$2,000,000 ",8.2,11,203,385,15,36,3,17,0,8,0.094,0.12,0.135,0.255,127,97,3.69,1.316,313,307,0,1814,1628,156,759,1748
Josh Harrison,2B,31.6,1,"$2,000,000 ","$2,000,000 ",6.1,8,842,2787,363,773,52,269,75,120,0.277,0.317,0.408,0.725,0,0,0,0,1,0,0,0.1,0,0,0,0
Robbie Grossman,RF,29.3,1,"$2,000,000 ","$2,000,000 ",2.8,6,537,1776,239,455,36,193,20,265,0.256,0.355,0.378,0.732,,,,,,,,,,,,
Zach Duke,RP,35.8,1,"$2,000,000 ","$2,000,000 ",2.4,14,347,318,17,57,2,23,0,12,0.179,0.208,0.22,0.428,66,90,4.3,1.447,540,169,4,1336.2,1533,128,401,836
Neil Walker,2B,33.3,1,"$2,000,000 ","$2,000,000 ",3.8,10,1173,4207,569,1127,141,568,29,417,0.268,0.339,0.43,0.768,,,,,,,,,,,,
Shelby Miller,RP,28.2,1,"$2,000,000 ","$2,000,000 ",-1.2,7,127,201,16,22,1,7,0,10,0.109,0.159,0.184,0.343,37,53,3.83,1.322,131,124,0,714.1,675,75,269,592
Brian McCann,C,34.8,1,"$2,000,000 ","$2,000,000 ",2.7,14,1670,5790,714,1521,270,973,25,609,0.263,0.338,0.454,0.791,,,,,,,,,,,,
Pedro Severino,C,28.3,1,"$1,900,000 ","$1,900,000 ",3,7,362,1095,107,257,33,133,5,104,0.235,0.305,0.372,0.677,,,,,,,,,,,,
Hunter Strickland,RP,33.4,1,"$1,825,000 ","$1,825,000 ",0.5,8,299,3,0,0,0,0,0,0,0,0,0,0,19,18,3.11,1.197,342,0,21,312.1,264,31,110,291
Pedro Strop,RP,34.6,1,"$1,825,000 ","$1,825,000 ",2.8,11,398,4,0,0,0,0,0,0,0,0,0,0,28,30,3.21,1.159,555,0,32,501.1,357,34,224,548
Jeff Mathis,C,37.8,1,"$1,800,000 ","$1,800,000 ",-0.6,16,945,2709,255,526,53,286,12,205,0.194,0.253,0.3,0.553,,,,,,,,,,,,
Collin McHugh,RP,33.6,1,"$1,800,000 ","$1,800,000 ",2.2,8,30,28,1,2,0,0,0,0,0.071,0.071,0.071,0.143,58,43,3.95,1.253,210,119,0,800.2,771,93,232,771
Daniel Norris,RP,28.8,1,"$1,750,000 ","$1,750,000 ",3,8,26,14,2,2,1,2,0,2,0.143,0.25,0.357,0.607,20,34,4.65,1.403,167,83,1,511,533,76,184,468
Steve Cishek,RP,35.7,1,"$1,750,000 ","$1,750,000 ",2.6,12,458,9,1,1,0,0,0,0,0.111,0.111,0.111,0.222,32,39,2.85,1.198,668,0,132,644.1,511,43,261,669
Kurt Suzuki,C,38.4,1,"$1,750,000 ","$1,750,000 ",0.3,15,1584,5424,584,1396,139,715,20,372,0.257,0.315,0.39,0.705,,,,,,,,,,,,
David Phelps,RP,34.3,1,"$1,750,000 ","$1,750,000 ",0.6,8,157,52,0,6,0,1,0,0,0.115,0.132,0.115,0.247,34,38,3.95,1.319,291,65,6,608.2,565,69,238,587
Nomar Mazara,RF,25.8,1,"$1,750,000 ","$1,750,000 ",1.4,5,579,2124,266,549,80,323,7,172,0.258,0.318,0.426,0.744,,,,,,,,,,,,
Tim Beckham,3B,28.9,1,"$1,750,000 ","$1,750,000 ",3.5,5,384,1310,162,330,48,151,12,90,0.252,0.304,0.424,0.728,,,,,,,,,,,,
Hanser Alberto,2B,29.3,1,"$1,600,000 ","$1,600,000 ",4.6,6,385,1166,136,322,17,106,12,29,0.276,0.298,0.383,0.681,0,0,13.5,2.25,2,0,0,1.1,1,1,2,0
Yoshihisa Hirano,RP,35.8,1,"$1,600,000 ","$1,600,000 ",0.9,2,126,1,0,0,0,0,0,0,0,0,0,0,9,8,3.47,1.215,137,0,4,119.1,100,13,45,120
Matt Duffy,3B,31.2,1,"$1,500,000 ","$1,500,000 ",1.8,6,549,1905,239,539,27,199,40,145,0.283,0.341,0.38,0.721,0,0,0,0,1,0,0,0.1,0,0,0,0
Sean Doolittle,RP,35.4,1,"$1,500,000 ","$1,500,000 ",1.4,10,189,4,0,0,0,0,0,0,0,0,0,0,26,24,3.23,1.024,457,0,112,445.1,353,48,103,516
Ehire Adrianza,SS,32.5,1,"$1,500,000 ","$1,500,000 ",1.3,9,574,1261,175,308,21,142,18,115,0.244,0.313,0.366,0.678,0,0,18,3,2,0,0,2,6,1,0,1
Trevor Cahill,SP,33,1,"$1,500,000 ","$1,500,000 ",1.9,12,180,182,7,22,0,12,0,5,0.121,0.144,0.148,0.293,85,94,4.2,1.364,352,225,1,1470.2,1405,166,601,1119
Jarrod Dyson,CF,36.5,1,"$1,500,000 ","$1,500,000 ",0.9,11,890,2378,370,584,21,175,256,232,0.246,0.316,0.334,0.651,,,,,,,,,,,,
Jake Marisnick,CF,29.8,1,"$1,500,000 ","$1,500,000 ",3.4,8,701,1724,247,395,56,183,73,101,0.229,0.281,0.385,0.666,,,,,,,,,,,,
Sean Doolittle,RP,34.3,1,"$1,500,000 ","$1,500,000 ",3.1,9,145,4,0,0,0,0,0,0,0,0,0,0,23,23,3.07,0.968,401,0,111,395.2,303,41,80,463
Alex Avila,C,33.9,1,"$1,500,000 ","$1,500,000 ",2,12,1018,2971,347,697,104,388,8,509,0.235,0.348,0.394,0.742,,,,,,,,,,,,
Freddy Galvis,SS,31.2,1,"$1,500,000 ","$1,500,000 ",5.2,9,998,3565,383,880,95,386,56,214,0.247,0.291,0.385,0.677,,,,,,,,,,,,
Austin Romine,C,32.2,1,"$1,500,000 ","$1,500,000 ",1.7,9,405,1163,126,278,27,152,4,63,0.239,0.278,0.361,0.639,,,,,,,,,,,,
Kurt Suzuki,C,37.2,1,"$1,500,000 ","$1,500,000 ",2.8,14,1512,5205,567,1347,133,699,20,360,0.259,0.316,0.392,0.708,,,,,,,,,,,,
Curt Casali,C,32.1,1,"$1,500,000 ","$1,500,000 ",2.6,7,328,831,97,191,37,105,2,95,0.23,0.316,0.413,0.728,,,,,,,,,,,,
Domingo Santana,RF,27.5,1,"$1,500,000 ","$1,500,000 ",4.1,6,492,1610,227,417,75,232,30,196,0.259,0.343,0.453,0.797,,,,,,,,,,,,
Cameron Maybin,RF,32.8,1,"$1,500,000 ","$1,500,000 ",3.7,13,1121,3703,546,949,71,347,183,358,0.256,0.324,0.376,0.701,,,,,,,,,,,,
Anthony Swarzak,RP,34.3,1,"$1,500,000 ","$1,500,000 ",2.5,10,113,5,0,0,0,0,0,0,0,0,0,0,26,36,4.32,1.353,375,32,10,641,666,83,201,485
David Phelps,RP,33.2,1,"$1,500,000 ","$1,500,000 ",1.1,7,156,52,0,6,0,1,0,0,0.115,0.132,0.115,0.247,32,34,3.86,1.325,269,65,6,588,546,62,233,556
Matt Joyce,LF,35.4,1,"$1,500,000 ","$1,500,000 ",2.7,12,1311,3536,515,861,145,482,34,527,0.243,0.343,0.432,0.775,,,,,,,,,,,,
Daniel Hudson,RP,32,1,"$1,500,000 ","$1,500,000 ",-1,9,282,108,7,24,1,21,0,5,0.222,0.261,0.296,0.557,40,32,3.99,1.27,310,60,9,619.2,591,63,196,545
Brett Anderson,SP,31,1,"$1,500,000 ","$1,500,000 ",-0.6,10,53,79,1,8,0,5,0,6,0.101,0.165,0.139,0.304,46,52,4.09,1.341,157,145,3,821.1,884,78,217,592
Drew Pomeranz,RP,30.2,1,"$1,500,000 ","$1,500,000 ",6.8,8,62,70,4,12,2,5,0,1,0.171,0.183,0.286,0.469,44,48,3.92,1.349,196,122,3,710,653,86,305,687
Johan Camargo,3B,27.9,1,"$1,400,000 ","$1,400,000 ",-1.1,5,364,1073,141,276,34,144,2,86,0.257,0.315,0.423,0.738,,,,,,,,,,,,
Cory Gearrin,RP,32.7,1,"$1,400,000 ","$1,400,000 ",3.3,7,234,3,0,1,0,0,0,0,0.333,0.333,0.333,0.667,12,9,3.54,1.285,270,0,5,246.2,213,18,104,235
Jake Marisnick,CF,31,1,"$1,300,000 ","$1,300,000 ",1.9,9,800,1900,268,433,61,207,77,112,0.228,0.282,0.384,0.665,,,,,,,,,,,,
Jeremy Hellickson,RP,31.8,1,"$1,300,000 ","$1,300,000 ",4.3,9,100,166,7,24,0,14,0,9,0.145,0.197,0.175,0.371,74,72,4.07,1.239,223,216,0,1230.1,1159,175,365,899
Hunter Strickland,RP,30.3,1,"$1,300,000 ","$1,300,000 ",2.6,5,243,1,0,0,0,0,0,0,0,0,0,0,14,14,2.91,1.195,253,0,19,226,191,17,79,211
Jesse Chavez,RP,38.5,1,"$1,250,000 ","$1,250,000 ",1.5,14,219,22,0,2,0,0,0,0,0.091,0.091,0.091,0.182,44,60,4.44,1.34,511,83,8,966.2,988,143,307,868
Albert Almora,CF,26.8,1,"$1,250,000 ","$1,250,000 ",1.4,5,489,1224,160,332,28,134,4,67,0.271,0.309,0.398,0.707,,,,,,,,,,,,
Josh Tomlin,RP,36,1,"$1,250,000 ","$1,250,000 ",0.8,11,61,25,2,7,0,1,0,0,0.28,0.28,0.32,0.6,65,56,4.69,1.217,251,150,2,1017.2,1091,187,148,699
Jimmy Nelson,RP,30.6,1,"$1,250,000 ","$1,250,000 ",2.7,6,112,188,3,19,0,7,0,4,0.101,0.12,0.112,0.231,33,46,4.22,1.372,119,107,0,633.1,629,69,240,578
Tony Sipp,RP,35.7,1,"$1,250,000 ","$1,250,000 ",0.5,10,84,1,0,0,0,0,0,0,0,0,0,0,25,20,3.67,1.239,580,0,7,482.2,386,73,212,513
Nick Wittgren,RP,30.8,1,"$1,200,000 ","$1,200,000 ",1.3,6,117,4,0,0,0,0,0,0,0,0,0,0,18,15,3.75,1.205,258,1,5,271.1,251,39,76,265
Keone Kela,RP,27.8,1,"$1,200,000 ","$1,200,000 ",2.7,6,55,0,0,0,0,0,0,0,,,,,21,11,3.24,1.122,231,0,28,216.2,160,23,83,266
Chaz Roe,RP,34.3,1,"$1,150,000 ","$1,150,000 ",0.8,8,61,1,0,0,0,0,0,0,0,0,0,0,11,8,3.82,1.338,244,0,3,216.2,188,19,102,243
Matt Wisler,RP,28.2,1,"$1,150,000 ","$1,150,000 ",0.6,6,103,86,2,11,0,3,0,3,0.128,0.156,0.128,0.283,19,28,4.95,1.379,147,61,2,414.2,433,67,139,339
Ryne Stanek,RP,29.4,1,"$1,100,000 ","$1,100,000 ",1.6,4,29,0,0,0,0,0,0,0,,,,,2,7,4,1.321,152,56,1,173.1,143,28,86,210
Caleb Joseph,C,32.6,1,"$1,100,000 ","$1,100,000 ",1.1,5,402,1217,126,272,31,122,2,71,0.224,0.271,0.353,0.623,,,,,,,,,,,,
Colin Moran,1B,29.4,1,"$1,000,000 ","$1,000,000 ",-0.6,6,460,1411,156,377,45,216,1,126,0.267,0.329,0.418,0.747,,,,,,,,,,,,
Alex Dickerson,LF,31.8,1,"$1,000,000 ","$1,000,000 ",1.1,5,326,869,133,226,39,130,7,78,0.26,0.33,0.47,0.799,,,,,,,,,,,,
Tony Watson,RP,35.8,1,"$1,000,000 ","$1,000,000 ",2.5,10,570,7,0,1,0,0,0,0,0.143,0.143,0.143,0.286,40,25,2.8,1.09,627,0,32,591,488,59,156,526
Steve Cishek,RP,34.8,1,"$1,000,000 ","$1,000,000 ",3.4,11,445,9,1,1,0,0,0,0,0.111,0.111,0.111,0.222,32,37,2.78,1.163,594,0,132,576,450,41,220,605
Brandon Workman,RP,32.5,1,"$1,000,000 ","$1,000,000 ",3.7,6,16,3,0,0,0,0,0,0,0,0,0,0,25,20,3.89,1.326,209,18,25,301,263,34,136,318
Ryan Zimmerman,1B,36.2,1,"$1,000,000 ","$1,000,000 ",2.1,15,1689,6399,936,1784,270,1015,43,630,0.279,0.343,0.475,0.818,,,,,,,,,,,,
Chris Devenski,RP,30.2,1,"$1,000,000 ","$1,000,000 ",-0.4,5,17,1,0,0,0,0,0,0,0,0,0,0,16,16,3.35,1.068,225,7,7,309,247,38,83,332
Adeiny Hechavarria,SS,30.8,1,"$1,000,000 ","$1,000,000 ",1.8,8,895,3012,304,763,37,271,35,159,0.253,0.29,0.352,0.642,,,,,,,,,,,,
Guillermo Heredia,CF,28.9,1,"$1,000,000 ","$1,000,000 ",2,4,382,974,115,234,17,75,6,89,0.24,0.317,0.342,0.659,,,,,,,,,,,,
Ryon Healy,1B,27.9,1,"$1,000,000 ","$1,000,000 ",0.2,4,401,1507,177,394,69,214,0,75,0.261,0.298,0.452,0.75,,,,,,,,,,,,
Zach McAllister,RP,31.1,1,"$1,000,000 ","$1,000,000 ",1.7,8,19,6,0,1,0,0,0,0,0.167,0.167,0.167,0.333,29,35,4.09,1.388,280,68,1,591.2,622,69,199,542
Chris Herrmann,C,31,1,"$1,000,000 ","$1,000,000 ",1,7,340,803,99,165,24,95,10,85,0.205,0.282,0.351,0.633,,,,,,,,,,,,
Abraham Almonte,CF,31.3,1,"$990,000 ","$990,000 ",-0.4,8,376,1038,141,246,18,97,25,91,0.237,0.298,0.37,0.668,,,,,,,,,,,,
Taylor Clarke,RP,28.5,1,"$975,000 ","$975,000 ",0.5,3,64,27,2,7,1,2,0,0,0.259,0.259,0.37,0.63,9,8,4.99,1.389,78,20,1,171.1,173,35,65,147
Jason Adam,RP,30.6,1,"$900,000 ","$900,000 ",0.5,4,16,0,0,0,0,0,0,0,,,,,6,4,4.71,1.315,79,0,0,78.1,64,13,39,95
Tim Locastro,OF,29.6,1,"$900,000 ","$900,000 ",0.3,5,209,432,74,100,5,31,31,31,0.231,0.333,0.329,0.662,,,,,,,,,,,,
Luke Maile,C,31.1,1,"$900,000 ","$900,000 ",-0.2,6,230,635,59,129,10,63,4,43,0.203,0.258,0.31,0.568,0,0,3,1,3,0,0,3,3,1,0,3
Robinson Chirinos,C,37.8,1,"$900,000 ","$900,000 ",3.3,10,647,1929,265,445,91,284,4,212,0.231,0.325,0.432,0.757,,,,,,,,,,,,
Daniel Robertson,SS,26.8,1,"$900,000 ","$900,000 ",2.5,4,249,728,95,170,16,74,5,99,0.234,0.342,0.352,0.694,0,0,0,0.5,2,0,0,2,1,0,0,0
Kevin Plawecki,C,28.8,1,"$900,000 ","$900,000 ",1.7,5,296,861,81,188,17,92,1,88,0.218,0.304,0.332,0.636,0,0,7.2,1,4,0,0,5,5,3,0,0
Ryan Tepera,RP,32.1,1,"$900,000 ","$900,000 ",2.2,5,15,1,0,0,0,0,0,0,0,0,0,0,12,11,3.64,1.156,216,1,10,215.1,172,30,77,203
Luke Maile,C,28.8,1,"$900,000 ","$900,000 ",0.4,5,215,605,53,120,10,60,4,40,0.198,0.252,0.304,0.556,0,0,0,0.5,2,0,0,2,1,0,0,3
Jake Petricka,RP,30.6,1,"$900,000 ","$900,000 ",-0.8,6,15,1,0,0,0,0,0,0,0,0,0,0,10,12,3.98,1.52,222,0,16,223.2,249,18,91,172
Jed Lowrie,2B,37.9,1,"$850,000 ","$850,000 ",0.1,13,1257,4448,576,1155,118,578,7,488,0.26,0.333,0.411,0.745,,,,,,,,,,,,
Stephen Vogt,C,37.3,1,"$850,000 ","$850,000 ",1.1,9,724,2180,241,533,75,290,4,193,0.244,0.305,0.412,0.718,,,,,,,,,,,,
Tommy Hunter,RP,33.6,1,"$850,000 ","$850,000 ",2.9,12,102,4,0,0,0,0,0,0,0,0,0,0,56,44,4.08,1.244,448,75,21,838.2,855,117,188,566
Josh Osich,RP,31.2,1,"$850,000 ","$850,000 ",-0.6,5,155,1,0,0,0,0,0,0,0,0,0,0,10,5,4.88,1.388,217,0,0,188,185,35,76,166
Andrew Knapp,C,30.3,1,"$800,000 ","$800,000 ",-0.6,5,309,711,79,152,13,62,2,98,0.214,0.314,0.322,0.636,0,0,0,0,1,0,0,0.1,0,0,0,0
Maikel Franco,3B,28.5,1,"$800,000 ","$800,000 ",1.2,7,716,2561,302,645,110,381,4,189,0.252,0.304,0.433,0.737,,,,,,,,,,,,
Ryan Tepera,RP,33.2,1,"$800,000 ","$800,000 ",1.5,6,15,1,0,0,0,0,0,0,0,0,0,0,12,12,3.66,1.178,237,1,10,236,189,32,89,234
John Brebbia,RP,30.5,1,"$800,000 ","$800,000 ",1.4,3,152,4,1,1,0,0,0,0,0.25,0.25,0.25,0.5,6,7,3.14,1.103,161,0,2,175,139,19,54,198
Keynan Middleton,RP,27.2,1,"$800,000 ","$800,000 ",1.3,4,5,0,0,0,0,0,0,0,,,,,6,2,3.48,1.359,104,0,9,95.2,90,14,40,96
Kohl Stewart,SP,25.2,1,"$800,000 ","$800,000 ",0.5,2,0,0,0,0,0,0,0,0,,,,,4,3,4.79,1.435,17,6,0,62,63,6,26,34
Nate Karns,SP,31.2,1,"$800,000 ","$800,000 ",1.1,5,7,8,1,1,1,1,0,0,0.125,0.125,0.5,0.625,16,11,4.37,1.339,63,54,1,310.2,292,47,124,321
Oliver Drake,RP,34.1,1,"$775,000 ","$775,000 ",1,6,77,2,0,1,0,1,0,0,0.5,0.5,0.5,1,10,10,4.27,1.312,196,0,5,204.1,185,24,83,228
Jonathan Holder,RP,27.5,1,"$750,000 ","$750,000 ",0,5,13,0,1,0,0,0,0,0,,,,,10,6,4.38,1.285,157,2,0,176.2,174,21,53,165
Alex Wilson,RP,32.3,1,"$750,000 ","$750,000 ",3.9,6,20,0,0,0,0,0,0,0,,,,,13,13,3.23,1.188,290,1,4,320.2,300,28,81,213
Tony Barnette,RP,35.2,1,"$750,000 ","$750,000 ",2.5,3,6,0,0,0,0,0,0,0,,,,,11,4,3.5,1.25,125,0,2,144,137,13,43,132
Trevor Gott,RP,29.2,1,"$725,000 ","$725,000 ",-0.5,6,87,1,0,0,0,0,0,0,0,0,0,0,13,6,5.01,1.357,146,0,5,140,133,18,57,116
Jimmy Nelson,RP,32.8,1,"$700,000 ","$700,000 ",0.5,7,138,191,3,19,0,7,0,4,0.099,0.118,0.11,0.228,34,48,4.12,1.353,147,108,0,662.1,643,69,253,622
Kohl Stewart,SP,26.2,1,"$700,000 ","$700,000 ",0.5,2,0,0,0,0,0,0,0,0,,,,,4,3,4.79,1.435,17,6,0,62,63,6,26,34
Jared Hughes,RP,34.9,1,"$700,000 ","$700,000 ",5.1,9,498,8,0,0,0,0,0,0,0,0,0,0,29,24,2.88,1.22,524,0,12,519,457,44,176,350
Dustin Garneau,C,32.2,1,"$650,000 ","$650,000 ",1.3,5,123,338,37,70,8,38,0,35,0.207,0.29,0.343,0.633,,,,,,,,,,,,
Collin McHugh,RP,32.7,1,"$600,000 ","$600,000 ",3.4,8,30,28,1,2,0,0,0,0,0.071,0.071,0.071,0.143,58,43,3.95,1.253,210,119,0,800.2,771,93,232,771
Jesse Hahn,RP,30.3,1,"$600,000 ","$600,000 ",-0.4,5,17,26,1,2,0,1,0,0,0.077,0.077,0.077,0.154,18,21,4.33,1.362,59,50,0,290.2,287,22,109,219
Scott Heineman,OF,27.9,1,"$595,000 ","$595,000 ",-0.1,2,49,127,14,24,3,14,4,11,0.189,0.259,0.331,0.59,,,,,,,,,,,,
Kendall Graveman,RP,28,1,"$575,000 ","$575,000 ",4.3,5,6,5,0,0,0,0,0,0,0,0,0,0,23,29,4.38,1.377,83,78,0,446,484,58,130,286
Troy Tulowitzki,SS,34.2,1,"$555,000 ","$555,000 ",4.2,12,1286,4793,761,1389,224,779,57,509,0.29,0.361,0.495,0.856,,,,,,,,,,,,