Name,WAR3,Yrs,G,AB,R,H,HR,RBI,SB,BB,BA,OBP,SLG,OPS,W,L,ERA,WHIP,G,GS,SV,IP,H,HR,BB,SO
Anthony Rendon,18.2,7,916,3424,571,994,136,546,45,409,0.29,0.369,0.49,0.859,,,,,,,,,,,,
Stephen Strasburg,14.8,10,228,435,23,66,4,29,0,23,0.152,0.196,0.2,0.396,112,58,3.17,1.086,239,239,0,1438.2,1185,143,377,1695
Gerrit Cole,14.3,7,128,251,17,41,3,15,0,6,0.163,0.186,0.207,0.393,94,52,3.22,1.129,192,192,0,1195,1034,115,315,1336
Brett Gardner,12.6,12,1499,5220,876,1355,124,524,267,613,0.26,0.342,0.401,0.743,,,,,,,,,,,,
Josh Donaldson,11,9,1038,3841,652,1048,219,645,38,557,0.273,0.369,0.509,0.878,,,,,,,,,,,,
Jonathan Schoop,10.4,7,802,2917,383,751,133,392,8,118,0.257,0.295,0.449,0.744,,,,,,,,,,,,
Marcell Ozuna,10.2,7,931,3536,467,963,148,538,26,291,0.272,0.329,0.455,0.784,,,,,,,,,,,,
Didi Gregorius,9.8,8,851,3096,417,816,110,417,30,201,0.264,0.313,0.429,0.742,,,,,,,,,,,,
Madison Bumgarner,9.7,11,288,594,51,105,19,62,0,40,0.177,0.228,0.303,0.532,119,92,3.13,1.111,289,286,0,1846,1622,192,428,1794
Hyun Jin Ryu,9.5,6,119,213,19,38,1,12,0,12,0.178,0.226,0.239,0.465,54,33,2.98,1.164,126,125,1,740.1,698,72,164,665
José Abreu,9.4,6,901,3547,483,1038,179,611,10,245,0.293,0.349,0.513,0.862,,,,,,,,,,,,
Gio Gonzalez,9.3,12,221,410,16,37,3,17,0,9,0.09,0.118,0.129,0.247,130,99,3.68,1.315,332,324,0,1901.1,1704,165,796,1826
Cole Hamels,9.2,14,331,688,40,116,2,34,1,19,0.169,0.195,0.206,0.401,163,121,3.42,1.183,422,421,0,2694.2,2421,310,766,2558
Dallas Keuchel,8.3,8,46,75,2,8,0,3,0,3,0.107,0.139,0.12,0.259,84,71,3.67,1.26,211,202,0,1302,1259,131,382,1036
Yasmani Grandal,8.3,8,879,2793,374,673,141,416,11,457,0.241,0.348,0.446,0.794,,,,,,,,,,,,
Robinson Chirinos,8.1,8,576,1758,248,411,85,262,4,197,0.234,0.329,0.439,0.767,,,,,,,,,,,,
Zack Wheeler,7.9,5,120,220,12,33,1,15,0,5,0.15,0.175,0.195,0.371,44,38,3.77,1.294,126,126,0,749.1,700,75,270,726
Todd Frazier,7.5,9,1186,4200,585,1019,214,624,72,424,0.243,0.32,0.45,0.77,,,,,,,,,,,,
Edwin Encarnación,7.4,15,1916,6881,1080,1807,414,1242,61,887,0.263,0.352,0.499,0.851,,,,,,,,,,,,
Yolmer Sanchez,7.2,6,646,2223,245,543,31,214,30,155,0.244,0.299,0.357,0.656,,,,,,,,,,,,
Corey Dickerson,7.2,7,776,2716,375,776,115,370,23,168,0.286,0.328,0.504,0.832,,,,,,,,,,,,
Avisaíl García,7.2,8,763,2792,365,762,96,374,36,180,0.273,0.323,0.428,0.751,,,,,,,,,,,,
Brian Dozier,6.9,8,1137,4301,663,1053,192,561,105,487,0.245,0.326,0.442,0.768,0,0,18,2,1,0,0,1,2,1,0,0
César Hernández,6.9,7,832,2915,407,807,46,253,80,325,0.277,0.352,0.381,0.733,,,,,,,,,,,,
Julio Teheran,6.8,9,223,382,10,56,1,26,0,9,0.147,0.169,0.17,0.339,77,73,3.67,1.211,229,226,0,1360,1189,176,458,1184
Travis Shaw,6.5,5,592,1972,273,480,99,310,20,235,0.243,0.327,0.451,0.778,,,,,,,,,,,,
Tanner Roark,6.3,7,190,309,12,45,1,14,0,8,0.146,0.17,0.188,0.358,74,64,3.71,1.237,213,172,1,1100.1,1047,126,314,890
Justin Smoak,6.2,10,1250,4034,491,930,191,555,3,542,0.231,0.324,0.42,0.744,,,,,,,,,,,,
Mike Moustakas,6.2,9,1131,4134,488,1041,182,561,18,316,0.252,0.31,0.441,0.751,,,,,,,,,,,,
Kevin Pillar,5.7,7,851,3062,385,798,76,318,83,129,0.261,0.296,0.405,0.701,,,,,,,,,,,,
Nick Castellanos,5.7,7,888,3360,408,930,120,460,11,234,0.277,0.326,0.471,0.797,,,,,,,,,,,,
Blake Treinen,5.4,6,186,14,0,1,0,0,0,1,0.071,0.133,0.071,0.205,26,22,2.97,1.283,345,7,71,400,354,27,159,391
Yan Gomes,5.4,8,749,2548,306,623,99,351,4,160,0.245,0.297,0.42,0.717,,,,,,,,,,,,
Jake Odorizzi,5.2,8,15,23,0,2,0,3,0,1,0.087,0.125,0.087,0.212,62,55,3.88,1.238,191,188,1,1028.2,918,137,355,983
Jared Hughes,5.1,9,498,8,0,0,0,0,0,0,0,0,0,0,29,24,2.88,1.22,524,0,12,519,457,44,176,350
Steve Cishek,5.1,10,445,9,1,1,0,0,0,0,0.111,0.111,0.111,0.222,32,37,2.69,1.151,572,0,132,556,429,37,211,584
Starlin Castro,4.8,10,1470,5773,664,1617,133,636,89,309,0.28,0.319,0.414,0.733,,,,,,,,,,,,
C.J. Cron,4.8,6,673,2325,274,601,114,365,9,139,0.258,0.311,0.462,0.774,,,,,,,,,,,,
Mitch Moreland,4.7,10,1137,3706,477,932,166,559,11,352,0.251,0.319,0.444,0.763,0,0,0,1,2,0,0,2,2,0,0,1
Ryan Zimmerman,4.7,15,1689,6399,936,1784,270,1015,43,630,0.279,0.343,0.475,0.818,,,,,,,,,,,,
Craig Stammen,4.7,10,414,96,6,21,0,10,0,6,0.219,0.262,0.302,0.564,44,37,3.63,1.251,438,38,5,732,707,71,209,605
Rich Hill,4.6,15,134,232,4,26,0,13,0,3,0.112,0.13,0.134,0.264,65,42,3.82,1.225,284,156,0,937.1,775,112,373,1004
Alex Claudio,4.6,6,92,0,0,0,0,0,0,0,,,,,15,8,3.38,1.271,291,2,12,292.2,300,23,72,202
Howie Kendrick,4.4,14,1596,5859,781,1722,125,710,126,342,0.294,0.337,0.431,0.768,,,,,,,,,,,,
Kyle Gibson,4.4,7,10,19,3,4,0,0,0,2,0.211,0.286,0.211,0.496,67,68,4.52,1.411,193,188,0,1087,1142,127,392,845
Jarrod Dyson,4.3,10,858,2317,361,573,21,170,250,228,0.247,0.319,0.338,0.657,,,,,,,,,,,,
Jhoulys Chacín,4.3,11,216,355,16,65,2,22,1,11,0.183,0.209,0.223,0.431,77,87,4.03,1.331,255,226,0,1319,1221,140,534,1064
Alex Avila,4.3,11,995,2922,341,688,103,386,8,498,0.235,0.348,0.396,0.744,0,0,2.25,1,3,0,0,4,3,0,1,1
Eric Sogard,4.2,9,694,1952,241,485,24,165,43,187,0.248,0.318,0.343,0.661,,,,,,,,,,,,
Kevin Gausman,4.2,7,50,56,1,2,0,0,0,5,0.036,0.115,0.036,0.15,47,63,4.3,1.344,191,154,0,925.2,964,130,280,855
Cory Gearrin,4.1,8,237,3,0,1,0,0,0,0,0.333,0.333,0.333,0.667,13,12,3.64,1.315,336,2,5,302,268,23,129,282
Domingo Santana,4.1,6,492,1610,227,417,75,232,30,196,0.259,0.343,0.453,0.797,,,,,,,,,,,,
Francisco Cervelli,3.9,12,714,2203,271,592,38,268,16,262,0.269,0.358,0.38,0.738,,,,,,,,,,,,
Alex Wood,3.8,7,169,238,8,23,0,12,1,9,0.097,0.13,0.105,0.235,53,43,3.4,1.223,179,136,0,839,788,79,238,768
Cameron Maybin,3.7,13,1121,3703,546,949,71,347,183,358,0.256,0.324,0.376,0.701,,,,,,,,,,,,
Iván Nova,3.6,10,80,149,2,6,0,0,0,0,0.04,0.04,0.04,0.081,89,76,4.32,1.355,236,223,1,1328.2,1441,181,359,954
Kole Calhoun,3.6,8,966,3547,530,884,140,451,29,367,0.249,0.322,0.424,0.747,,,,,,,,,,,,
Drew Pomeranz,3.6,9,106,89,4,12,2,5,0,1,0.135,0.144,0.225,0.369,46,58,4.04,1.36,242,140,5,814,758,107,349,824
Steven Souza Jr.,3.5,5,471,1590,218,371,70,198,41,192,0.233,0.323,0.417,0.74,,,,,,,,,,,,
José Iglesias,3.5,8,802,2706,309,739,32,247,52,132,0.273,0.315,0.371,0.687,,,,,,,,,,,,
Will Harris,3.5,8,124,1,0,0,0,0,0,0,0,0,0,0,23,18,2.84,1.077,419,0,20,396.1,325,36,102,422
Will Smith,3.5,7,304,1,0,1,0,2,0,0,1,1,1,2,26,22,3.53,1.247,359,17,49,410.2,363,45,149,494
Collin McHugh,3.4,8,30,28,1,2,0,0,0,0,0.071,0.071,0.071,0.143,58,43,3.95,1.253,210,119,0,800.2,771,93,232,771
Jeremy Jeffress,3.4,10,288,3,0,0,0,0,0,0,0,0,0,0,28,11,3.16,1.347,392,1,44,401,377,30,163,370
Taijuan Walker,3.3,7,33,65,6,13,1,6,0,1,0.2,0.212,0.277,0.489,31,31,3.95,1.255,97,94,0,528.1,498,72,165,478
Blake Parker,3.3,7,101,1,0,0,0,0,0,0,0,0,0,0,11,10,3.56,1.176,289,2,34,285.2,246,43,90,321
Brandon Kintzler,3.3,10,322,3,0,0,0,0,0,0,0,0,0,0,20,20,3.37,1.247,430,0,49,424.1,419,37,110,299
Jedd Gyorko,3.2,7,804,2576,298,630,112,353,14,233,0.245,0.309,0.421,0.73,0,0,6.75,1.5,2,0,0,1.1,2,1,0,1
Jason Castro,3.2,9,825,2674,332,619,86,292,5,302,0.231,0.313,0.39,0.703,,,,,,,,,,,,
Martín Maldonado,3.2,9,717,2100,217,459,63,220,2,162,0.219,0.289,0.355,0.644,,,,,,,,,,,,
Brett Anderson,3.2,11,56,87,2,12,0,5,0,6,0.138,0.194,0.172,0.366,59,61,4.05,1.335,188,176,3,997.1,1065,98,266,682
Michael Pineda,3.2,6,8,15,0,2,0,0,0,0,0.133,0.133,0.133,0.267,51,46,4.04,1.184,143,143,0,826,793,114,185,827
Dellin Betances,3,8,28,1,0,0,0,0,0,0,0,0,0,0,21,22,2.36,1.043,358,1,36,381.2,228,26,170,621
Rick Porcello,3,11,24,45,1,8,0,5,0,0,0.178,0.178,0.222,0.4,149,118,4.36,1.311,343,339,0,2037.1,2196,255,474,1507
Tommy Hunter,2.9,12,102,4,0,0,0,0,0,0,0,0,0,0,56,44,4.08,1.244,448,75,21,838.2,855,117,188,566
Matt Duffy,2.9,5,452,1616,194,456,22,169,32,120,0.282,0.338,0.38,0.718,,,,,,,,,,,,
Asdrúbal Cabrera,2.9,13,1660,6133,829,1646,180,796,90,534,0.268,0.331,0.425,0.756,,,,,,,,,,,,
Adam Wainwright,2.9,14,391,685,54,136,10,71,0,24,0.199,0.225,0.302,0.527,162,95,3.39,1.23,383,316,3,2103.2,2012,167,576,1776
Pedro Strop,2.8,11,398,4,0,0,0,0,0,0,0,0,0,0,28,30,3.21,1.159,555,0,32,501.1,357,34,224,548
Eric Thames,2.8,5,564,1745,276,426,93,223,17,193,0.244,0.327,0.478,0.805,,,,,,,,,,,,
Wade Miley,2.8,9,129,243,13,37,1,12,0,10,0.152,0.186,0.185,0.371,85,82,4.23,1.383,249,245,0,1403.2,1451,157,490,1115
Ryan Buchter,2.7,5,110,0,0,0,0,0,0,0,,,,,15,4,2.86,1.159,257,0,2,214,152,26,96,235
Matt Joyce,2.7,12,1311,3536,515,861,145,482,34,527,0.243,0.343,0.432,0.775,,,,,,,,,,,,
Wade LeBlanc,2.7,11,150,120,6,30,0,3,0,4,0.25,0.28,0.258,0.538,45,47,4.46,1.34,234,114,3,860,894,136,258,629
Logan Morrison,2.7,10,988,3306,413,789,139,424,23,390,0.239,0.324,0.426,0.751,,,,,,,,,,,,
Jimmy Nelson,2.7,6,112,188,3,19,0,7,0,4,0.101,0.12,0.112,0.231,33,46,4.22,1.372,119,107,0,633.1,629,69,240,578
Tyler Clippard,2.7,13,475,15,0,3,0,0,0,0,0.2,0.2,0.267,0.467,53,46,3.14,1.107,751,12,68,816,578,106,325,905
Yonder Alonso,2.6,10,1072,3362,391,872,100,426,22,366,0.259,0.332,0.404,0.736,,,,,,,,,,,,
Alex Gordon,2.6,13,1703,6228,852,1609,186,738,113,666,0.258,0.339,0.413,0.752,0,0,19.29,4.286,2,0,0,2.1,8,1,2,0
Brock Holt,2.5,8,639,2037,283,552,23,206,35,201,0.271,0.34,0.374,0.714,,,,,,,,,,,,
Welington Castillo,2.5,10,726,2462,251,626,98,339,5,183,0.254,0.313,0.426,0.738,,,,,,,,,,,,
Juan Lagares,2.5,7,716,1960,227,498,25,179,44,106,0.254,0.297,0.361,0.659,,,,,,,,,,,,
Anthony Swarzak,2.5,10,113,5,0,0,0,0,0,0,0,0,0,0,26,36,4.32,1.353,375,32,10,641,666,83,201,485
Michael Wacha,2.5,7,156,248,16,23,0,16,1,9,0.093,0.124,0.101,0.225,59,39,3.91,1.325,165,151,0,867.2,849,97,301,759
Blaine Hardy,2.5,6,13,1,0,0,0,0,0,0,0,0,0,0,14,10,3.73,1.329,233,13,1,289.2,283,32,102,229
Brad Miller,2.4,7,759,2381,295,573,88,293,35,252,0.241,0.314,0.419,0.733,,,,,,,,,,,,
Brandon Morrow,2.4,12,,,,,,,,,,,,,,,,,,,,,,,,
Tyler Anderson,2.4,4,74,118,10,11,1,4,0,8,0.093,0.157,0.119,0.276,18,24,4.69,1.332,73,71,0,397,405,66,124,367
Billy Hamilton,2.3,7,809,2807,406,680,21,176,299,222,0.242,0.297,0.326,0.623,,,,,,,,,,,,
Jason Kipnis,2.2,9,1121,4290,594,1120,123,529,135,449,0.261,0.333,0.417,0.75,,,,,,,,,,,,
Ryan Tepera,2.2,5,15,1,0,0,0,0,0,0,0,0,0,0,12,11,3.64,1.156,216,1,10,215.1,172,30,77,203
Carl Edwards Jr.,2.2,5,182,3,1,0,0,0,0,0,0,0,0,0,9,8,3.58,1.108,194,0,2,176,95,15,100,236
Travis d'Arnaud,2.2,7,500,1688,202,415,63,231,1,142,0.246,0.307,0.412,0.719,,,,,,,,,,,,
Chris Martin,2.2,4,39,0,0,0,0,0,0,0,,,,,2,10,4.51,1.257,144,0,5,133.2,148,18,20,134
Adam Warren,2.1,8,72,6,0,0,0,0,0,0,0,0,0,0,30,24,3.53,1.231,323,21,6,492.1,435,56,171,428
Joe Smith,2.1,13,190,2,0,0,0,0,0,0,0,0,0,0,50,29,2.98,1.165,782,0,30,695.1,573,54,237,615
Neil Walker,2,11,1288,4544,606,1215,149,606,32,459,0.267,0.339,0.427,0.766,,,,,,,,,,,,
Guillermo Heredia,2,4,382,974,115,234,17,75,6,89,0.24,0.317,0.342,0.659,,,,,,,,,,,,
Zack Godley,2,5,113,141,6,11,0,5,0,9,0.078,0.133,0.078,0.211,37,30,4.68,1.36,128,81,2,536.2,512,62,218,514
Trevor Cahill,1.9,11,180,182,7,22,0,12,0,5,0.121,0.144,0.148,0.293,84,92,4.21,1.367,341,219,1,1445.2,1389,163,587,1088
Derek Dietrich,1.9,7,721,2130,309,524,79,247,6,172,0.246,0.334,0.427,0.761,,,,,,,,,,,,
Nick Vincent,1.9,8,199,5,0,0,0,0,0,0,0,0,0,0,21,21,3.32,1.134,384,2,4,376.2,333,37,94,379
Caleb Joseph,1.9,6,422,1255,131,280,31,125,2,72,0.223,0.27,0.35,0.62,0,0,0,0,2,0,0,1.1,0,0,0,0
Adeiny Hechavarria,1.8,8,895,3012,304,763,37,271,35,159,0.253,0.29,0.352,0.642,,,,,,,,,,,,
Jerry Blevins,1.8,13,327,4,0,1,0,1,0,0,0.25,0.25,0.25,0.5,30,13,3.54,1.236,609,1,7,495.1,417,50,195,508
Luis García,1.8,7,240,2,0,0,0,0,0,0,0,0,0,0,14,15,4.17,1.51,315,2,6,306.2,305,31,158,280
Joey Rickard,1.8,4,343,899,102,222,20,71,20,60,0.247,0.301,0.373,0.674,,,,,,,,,,,,
Hernán Pérez,1.8,8,638,1720,191,434,45,180,69,74,0.252,0.282,0.387,0.668,0,0,7.36,1.909,7,0,0,7.1,10,2,4,3
Martín Pérez,1.8,8,14,23,1,1,0,0,0,0,0.043,0.043,0.043,0.087,53,56,4.72,1.486,173,157,0,926.2,1040,104,337,597
Wilmer Flores,1.7,7,670,2131,245,572,77,290,3,120,0.268,0.31,0.432,0.742,,,,,,,,,,,,
Matt Adams,1.7,8,818,2336,290,609,116,388,4,159,0.261,0.309,0.469,0.778,,,,,,,,,,,,
Kevin Plawecki,1.7,5,296,861,81,188,17,92,1,88,0.218,0.304,0.332,0.636,0,0,7.2,1,4,0,0,5,5,3,0,0
Sam Freeman,1.6,8,199,3,0,0,0,0,0,0,0,0,0,0,8,7,3.62,1.417,264,0,0,228.2,195,17,129,226
Juan Minaya,1.6,4,8,0,0,0,0,0,0,0,,,,,6,4,3.93,1.434,125,0,10,128.1,118,14,66,142
Dominic Leone,1.6,6,103,0,0,0,0,0,0,0,,,,,13,10,3.92,1.364,229,0,2,243.1,233,31,99,255
Héctor Rondón,1.6,7,298,3,0,1,0,0,0,0,0.333,0.333,0.333,0.667,23,20,3.29,1.173,421,1,92,416,365,44,123,418
Keon Broxton,1.6,5,376,905,136,189,39,95,60,107,0.209,0.297,0.388,0.685,,,,,,,,,,,,
Darren O'Day,1.6,12,44,1,0,0,0,0,0,0,0,0,0,0,36,19,2.55,1.026,585,0,21,560.1,422,58,153,578
Logan Forsythe,1.5,9,958,3086,387,758,70,305,42,339,0.246,0.327,0.37,0.698,,,,,,,,,,,,
Edubray Ramos,1.5,4,162,1,0,0,0,0,0,1,0,0.5,0,0.5,7,11,3.71,1.333,173,0,1,155.1,146,18,61,168
Sergio Romo,1.5,12,569,7,0,0,0,0,0,0,0,0,0,0,40,32,2.92,1.016,708,5,129,623,488,66,145,692
Greg Holland,1.4,9,171,0,0,0,0,0,0,0,,,,,24,22,2.96,1.196,466,0,206,459,342,30,207,588
Parker Bridwell,1.4,3,,,,,,,,,,,,,,,,,,,,,,,,
Tyler Olson,1.4,5,6,0,0,0,0,0,0,0,,,,,5,3,3.83,1.489,124,0,1,94,94,9,46,94
Chris Rusin,1.4,8,178,122,9,24,1,9,0,0,0.197,0.197,0.254,0.451,20,28,4.62,1.414,188,49,2,465.1,508,54,150,338
Alex Wilson,1.4,7,31,0,0,0,0,0,0,0,,,,,14,14,3.44,1.22,303,1,5,332,315,31,90,226
Brad Brach,1.4,9,212,5,0,1,0,1,0,0,0.2,0.2,0.2,0.4,36,27,3.33,1.311,482,0,33,510.1,437,50,232,542
JC Ramirez,1.3,6,55,4,0,0,0,0,0,0,0,0,0,0,15,19,4.71,1.391,142,26,2,288.1,296,46,105,204
JT Riddle,1.3,3,223,668,63,153,18,79,0,37,0.229,0.269,0.368,0.638,,,,,,,,,,,,
Daniel Hudson,1.3,10,307,108,7,24,1,21,0,5,0.222,0.261,0.296,0.557,49,35,3.83,1.256,379,61,17,692.2,647,71,223,616
Dustin Garneau,1.3,5,123,338,37,70,8,38,0,35,0.207,0.29,0.343,0.633,,,,,,,,,,,,
Ryan Goins,1.3,7,541,1536,150,353,22,158,6,107,0.23,0.279,0.335,0.614,,,,,,,,,,,,
César Puello,1.2,2,61,159,20,38,4,21,2,14,0.239,0.346,0.346,0.692,,,,,,,,,,,,
Jordy Mercer,1.2,8,895,2966,315,762,64,299,13,235,0.257,0.316,0.388,0.703,,,,,,,,,,,,
Jordan Lyles,1.2,9,215,217,16,25,2,15,0,11,0.115,0.162,0.161,0.323,43,60,5.11,1.436,245,143,2,909.2,991,122,315,696
Aaron Loup,1.1,8,33,1,0,0,0,0,0,0,0,0,0,0,12,20,3.45,1.267,382,0,6,326,313,25,100,304
Luis Avilán,1.1,8,367,7,0,1,0,0,0,0,0.143,0.143,0.143,0.286,23,10,3.28,1.248,444,0,2,340.2,293,20,132,306
David Phelps,1.1,7,156,52,0,6,0,1,0,0,0.115,0.132,0.115,0.247,32,34,3.86,1.325,269,65,6,588,546,62,233,556
Austin Romine,1.1,8,368,1033,114,247,25,135,4,59,0.239,0.281,0.366,0.647,0,0,27,4,1,0,0,1,4,2,0,0
Junior Guerra,1.1,5,134,89,4,13,0,0,0,0,0.146,0.146,0.202,0.348,25,21,3.81,1.286,147,60,3,420.2,363,59,178,383
David Hernandez,1,10,423,5,0,1,0,0,0,0,0.2,0.2,0.2,0.4,38,47,4.12,1.306,547,27,24,648.2,594,88,253,664
Josh Tomlin,1,10,61,25,2,7,0,1,0,0,0.28,0.28,0.32,0.6,63,54,4.68,1.218,234,145,2,978,1051,181,140,663
Cameron Rupp,1,6,,,,,,,,,,,,,,,,,,,,,,,,
Danny Barnes,0.9,3,,,,,,,,,,,,,,,,,,,,,,,,
Donnie Hart,0.9,4,13,3,0,0,0,0,0,0,0,0,0,0,2,0,3.13,1.461,98,0,0,89,95,8,35,57
David Hale,0.9,6,65,44,2,3,0,1,0,0,0.068,0.067,0.068,0.135,13,10,4.27,1.426,90,20,2,230,254,25,74,151
Yoshihisa Hirano,0.9,2,126,1,0,0,0,0,0,0,0,0,0,0,9,8,3.47,1.215,137,0,4,119.1,100,13,45,120
Francisco Liriano,0.9,14,180,218,7,34,2,15,0,9,0.156,0.189,0.197,0.387,112,114,4.15,1.359,419,300,1,1813.2,1649,184,816,1815
Chasen Bradford,0.9,3,26,1,0,0,0,0,0,0,0,0,0,0,7,0,3.89,1.279,86,0,1,104,102,18,31,76
Nate Jones,0.9,8,21,0,0,0,0,0,0,0,,,,,22,13,3.12,1.219,284,0,9,291.1,245,28,110,318
Ronald Torreyes,0.9,5,236,592,68,165,4,57,5,24,0.279,0.308,0.37,0.678,,,,,,,,,,,,
T.J. Rivera,0.9,3,,,,,,,,,,,,,,,,,,,,,,,,
Kendall Graveman,0.9,5,6,5,0,0,0,0,0,0,0,0,0,0,23,29,4.38,1.377,83,78,0,446,484,58,130,286
Jon Jay,0.8,10,1178,3774,525,1074,36,336,55,282,0.285,0.35,0.375,0.725,,,,,,,,,,,,
Kevan Smith,0.8,4,213,654,67,178,12,71,3,35,0.272,0.318,0.381,0.698,,,,,,,,,,,,
Connor Sadzeck,0.8,2,2,0,0,0,0,0,0,0,,,,,0,1,2.18,1.515,33,2,1,33,24,3,26,34
Danny Coulombe,0.8,5,20,1,0,0,0,0,0,0,0,0,0,0,6,4,4.27,1.326,153,0,0,143.1,129,16,61,134
Edinson Volquez,0.8,14,181,308,15,28,1,9,0,8,0.091,0.114,0.107,0.221,93,88,4.45,1.45,287,273,0,1540.2,1501,159,733,1320
Justin Miller,0.8,5,133,4,0,0,0,0,0,0,0,0,0,0,13,5,4.43,1.26,150,0,3,156.1,143,25,54,159
Matt Grace,0.8,5,175,11,0,1,0,0,0,0,0.091,0.091,0.091,0.182,5,4,4.29,1.372,178,2,2,176.1,193,19,49,132
Hunter Pence,0.7,13,1690,6368,887,1786,242,936,120,517,0.28,0.335,0.462,0.797,,,,,,,,,,,,
Juan Nicasio,0.7,9,300,123,5,15,0,9,0,6,0.122,0.162,0.138,0.3,40,46,4.64,1.421,362,82,9,719,764,82,258,667
Jeffrey Springs,0.7,2,6,0,0,0,0,0,0,0,,,,,5,2,4.9,1.663,43,2,0,64.1,70,8,37,63
Brian Flynn,0.7,6,13,8,0,2,0,0,0,0,0.25,0.25,0.25,0.5,6,12,4.41,1.577,102,7,1,187.2,205,16,91,134
Charlie Culberson,0.7,7,418,842,96,210,23,110,12,46,0.249,0.295,0.392,0.686,0,0,3,2,3,0,0,3,4,0,2,1
Jake Diekman,0.7,8,214,0,0,0,0,0,0,0,,,,,15,22,3.9,1.401,441,0,7,374,316,23,208,467
Stephen Vogt,0.7,7,620,1898,211,480,67,258,4,159,0.253,0.31,0.426,0.737,,,,,,,,,,,,
Chad Bettis,0.6,7,152,142,7,8,0,6,0,13,0.056,0.135,0.056,0.192,31,31,5.12,1.468,164,92,1,600.2,672,79,210,431
Lane Adams,0.6,5,,,,,,,,,,,,,,,,,,,,,,,,
Fernando Abad,0.6,9,157,9,0,1,0,0,0,0,0.111,0.111,0.111,0.222,8,29,3.67,1.285,384,6,2,330.2,309,42,116,280
Josh Phegley,0.6,7,376,1100,127,250,34,160,2,54,0.227,0.269,0.383,0.652,,,,,,,,,,,,
Boog Powell,0.6,2,,,,,,,,,,,,,,,,,,,,,,,,
Dan Winkler,0.6,5,113,1,0,0,0,0,0,0,0,0,0,0,8,2,3.68,1.176,117,0,2,100.1,79,11,39,115
Hoby Milner,0.6,3,46,2,0,0,0,0,0,0,0,0,0,0,0,0,3.4,1.535,55,0,0,42.1,43,5,22,33
Zach Putnam,0.5,8,,,,,,,,,,,,,,,,,,,,,,,,
Dan Otero,0.5,8,39,1,0,0,0,0,0,0,0,0,0,0,22,8,3.39,1.211,358,0,3,403.2,433,37,56,262
Joe Panik,0.5,6,682,2422,305,657,38,233,20,219,0.271,0.334,0.384,0.718,,,,,,,,,,,,
René Rivera,0.5,11,515,1419,112,313,41,167,1,89,0.221,0.272,0.354,0.626,,,,,,,,,,,,
Tyson Ross,0.5,10,132,190,14,38,2,13,1,6,0.2,0.229,0.253,0.481,44,70,4.04,1.357,203,142,1,904.2,840,73,388,816
Carlos Asuaje,0.5,3,,,,,,,,,,,,,,,,,,,,,,,,
Elias Díaz,0.5,5,250,749,82,187,13,82,1,55,0.25,0.301,0.355,0.656,,,,,,,,,,,,
Kohl Stewart,0.5,2,0,0,0,0,0,0,0,0,,,,,4,3,4.79,1.435,17,6,0,62,63,6,26,34
Jerad Eickhoff,0.5,5,73,121,8,15,0,7,0,2,0.124,0.138,0.157,0.295,21,30,4.15,1.28,80,76,1,440,437,70,126,396
Matt Bush,0.5,3,8,0,0,0,0,0,0,0,,,,,10,6,3.35,1.248,136,0,11,137,124,14,47,138
José Peraza,0.5,5,520,1758,200,480,28,154,77,75,0.273,0.312,0.374,0.686,0,0,0,0.75,2,0,0,1.1,1,0,0,0
Chasen Shreve,0.5,6,46,3,0,0,0,0,0,1,0,0.25,0,0.25,16,8,3.71,1.375,218,0,2,203.2,178,37,102,234
Sean Gilmartin,0.4,5,64,7,2,3,0,1,0,0,0.429,0.429,0.571,1,4,5,4.18,1.375,79,3,0,107.2,109,14,39,85
Luke Maile,0.4,5,215,605,53,120,10,60,4,40,0.198,0.252,0.304,0.556,0,0,0,0.5,2,0,0,2,1,0,0,3
Jarrett Parker,0.4,4,140,354,48,88,15,51,3,37,0.249,0.33,0.441,0.771,,,,,,,,,,,,
James Hoyt,0.4,4,5,1,0,0,0,0,0,0,0,0,0,0,2,1,4.16,1.25,74,0,0,80,74,14,26,104
Seth Mejias-Brean,0.4,1,14,30,3,7,2,5,0,3,0.233,0.303,0.5,0.803,,,,,,,,,,,,
Jason Adam,0.3,2,4,0,0,0,0,0,0,0,,,,,3,3,4.83,1.296,54,0,0,54,45,10,25,55
Rob Brantly,0.3,5,126,388,32,89,7,37,1,33,0.229,0.294,0.332,0.626,,,,,,,,,,,,
Ryan LaMarre,0.3,5,119,225,21,53,4,21,3,15,0.236,0.286,0.338,0.623,,,,,,,,,,,,
Tim Collins,0.3,6,60,1,0,0,0,0,0,0,0,0,0,0,12,17,3.6,1.411,275,0,0,242.1,206,24,136,245
Jake Thompson,0.3,3,,,,,,,,,,,,,,,,,,,,,,,,
Kyle Barraclough,0.3,5,255,2,0,0,0,0,0,0,0,0,0,0,16,14,3.53,1.359,270,0,11,252.1,188,24,155,319
Pedro Avila,0.3,1,1,1,0,0,0,0,0,0,0,0,0,0,0,0,1.69,1.125,1,1,0,5.1,4,0,2,5
A.J. Cole,0.3,5,27,26,1,3,1,1,0,2,0.115,0.179,0.231,0.409,11,10,4.86,1.494,79,19,2,174,188,35,72,181
Zack Granite,0.3,2,,,,,,,,,,,,,,,,,,,,,,,,
Rymer Liriano,0.2,5,,,,,,,,,,,,,,,,,,,,,,,,
Shane Robinson,0.2,10,,,,,,,,,,,,,,,,,,,,,,,,
Héctor Santiago,0.2,9,28,20,0,3,0,0,0,0,0.15,0.15,0.15,0.3,47,50,4.14,1.389,257,139,6,920.2,850,143,429,826
Kelby Tomlinson,0.2,4,,,,,,,,,,,,,,,,,,,,,,,,
Homer Bailey,0.2,13,208,373,22,61,0,18,0,11,0.164,0.19,0.185,0.375,80,86,4.57,1.37,243,243,0,1393.2,1449,174,460,1150
Maikel Franco,0.2,6,656,2338,279,583,102,343,3,173,0.249,0.302,0.431,0.733,,,,,,,,,,,,
Ian Gibaut,0.2,1,0,0,0,0,0,0,0,0,,,,,1,1,5.65,1.535,10,0,0,14.1,12,1,10,16
Ryan Lavarnway,0.2,8,151,408,35,86,9,50,0,31,0.211,0.27,0.343,0.613,,,,,,,,,,,,
Ryon Healy,0.2,4,401,1507,177,394,69,214,0,75,0.261,0.298,0.452,0.75,,,,,,,,,,,,
Danny Hultzen,0.2,1,6,0,0,0,0,0,0,0,,,,,0,0,0,1.8,6,0,0,3.1,4,0,2,5
Chih-Wei Hu,0.2,2,,,,,,,,,,,,,,,,,,,,,,,,
Patrick Wisdom,0.2,2,41,76,12,17,4,11,2,7,0.224,0.306,0.408,0.714,,,,,,,,,,,,
Terrance Gore,0.1,6,100,67,32,15,0,1,40,7,0.224,0.325,0.284,0.608,,,,,,,,,,,,
Tommy Milone,0.1,9,36,45,4,7,1,7,0,3,0.156,0.208,0.222,0.431,50,47,4.47,1.316,174,136,2,874.2,939,145,212,648
John Hicks,0.1,5,254,814,91,191,28,90,4,49,0.235,0.28,0.391,0.67,,,,,,,,,,,,
Pablo Sandoval,0.1,12,1277,4452,532,1248,148,622,12,338,0.28,0.332,0.448,0.78,0,0,0,0,2,0,0,2,0,0,0,0
Joey Krehbiel,0.1,1,2,0,0,0,0,0,0,0,,,,,0,0,0,1,2,0,0,3,1,0,2,0
Erasmo Ramírez,0.1,8,14,14,0,2,0,1,0,0,0.143,0.143,0.143,0.286,32,39,4.4,1.255,193,92,3,640.2,622,99,182,497
Tyler Heineman,0.1,1,5,11,1,3,1,2,0,0,0.273,0.273,0.636,0.909,,,,,,,,,,,,
Mikie Mahtook,0.1,5,291,884,112,208,33,97,14,59,0.235,0.292,0.405,0.697,,,,,,,,,,,,
Ian Miller,0.1,1,12,17,2,3,0,1,0,0,0.176,0.176,0.235,0.412,,,,,,,,,,,,
Eduardo Jiménez,0.1,1,0,0,0,0,0,0,0,0,,,,,0,0,5.91,1.594,8,0,0,10.2,12,1,5,8
Jorge Bonifacio,0.1,3,187,640,89,158,21,66,1,65,0.247,0.319,0.408,0.727,,,,,,,,,,,,
Max Moroff,0.1,4,104,213,29,39,7,34,1,25,0.183,0.277,0.319,0.596,,,,,,,,,,,,
Marco Hernández,0.1,3,122,257,36,68,3,18,2,9,0.265,0.3,0.342,0.642,,,,,,,,,,,,
Patrick Kivlehan,0.1,3,132,212,31,44,10,28,1,24,0.208,0.302,0.401,0.703,,,,,,,,,,,,
Brian Schlitter,0.1,4,74,1,0,1,0,0,0,0,1,1,1,2,3,6,5.2,1.598,84,0,0,81.1,100,6,30,48
Brandon Snyder,0,9,,,,,,,,,,,,,,,,,,,,,,,,
Tyler Lyons,0,7,145,41,3,5,0,1,0,5,0.122,0.217,0.122,0.339,13,12,4.2,1.214,161,20,3,281,252,40,89,289
Austin Adams,0,4,4,1,0,0,0,0,0,0,0,0,0,0,2,0,6.45,1.659,68,0,1,75.1,91,12,34,58
Bryan Holaday,0,8,268,671,65,162,10,74,1,39,0.241,0.287,0.34,0.626,0,0,7.36,1.091,4,0,0,3.2,4,1,0,1
Matt Wieters,0,11,1148,3959,437,989,146,546,9,365,0.25,0.313,0.411,0.724,,,,,,,,,,,,
Daniel Corcino,0,5,,,,,,,,,,,,,,,,,,,,,,,,
Brandon Barnes,0,7,,,,,,,,,,,,,,,,,,,,,,,,
Matt Carasiti,0,2,20,1,0,0,0,0,0,0,0,0,0,0,1,1,7.46,2.053,30,5,0,25.1,36,3,16,27
Pat Venditte,0,4,18,1,0,0,0,0,0,0,0,0,0,0,2,2,5.03,1.309,58,0,0,68,61,10,28,53
Jimmy Yacabonis,0,3,3,2,0,0,0,1,0,0,0,0,0,0,3,4,5.75,1.623,55,11,0,101.2,109,19,56,74
Josh A. Smith,0,4,45,20,1,4,0,0,0,0,0.2,0.2,0.35,0.55,5,11,5.4,1.516,85,11,1,158.1,170,29,70,132
Erick Mejia,0,1,9,22,3,5,0,4,0,4,0.227,0.333,0.273,0.606,,,,,,,,,,,,
Beau Taylor,0,2,18,30,3,5,2,2,0,5,0.167,0.306,0.4,0.706,,,,,,,,,,,,
Zach Lee,0,4,,,,,,,,,,,,,,,,,,,,,,,,
Allen Webster,-0.1,5,23,11,1,0,0,0,0,0,0,0,0,0,8,6,6.03,1.6,43,23,1,134.1,143,23,72,88
Gabriel Guerrero,-0.1,1,,,,,,,,,,,,,,,,,,,,,,,,
Johnny Davis,-0.1,1,8,4,5,1,0,0,0,0,0.25,0.25,0.75,1,,,,,,,,,,,,
Nick Tropeano,-0.1,5,2,3,0,0,0,0,0,1,0,0.25,0,0.25,12,14,4.51,1.39,42,39,0,217.1,215,38,87,193
Dalton Pompey,-0.1,5,,,,,,,,,,,,,,,,,,,,,,,,
Dietrich Enns,-0.1,1,1,2,0,1,0,0,0,0,0.5,0.5,0.5,1,0,0,6.75,2,2,1,0,4,7,2,1,2
Joe Hudson,-0.1,2,9,13,0,2,0,1,0,0,0.154,0.154,0.231,0.385,,,,,,,,,,,,
Pedro Payano,-0.1,1,1,1,0,0,0,0,0,0,0,0,0,0,1,2,5.73,1.864,6,4,0,22,26,3,15,17
Merandy Gonzalez,-0.1,1,,,,,,,,,,,,,,,,,,,,,,,,
Joe Mantiply,-0.1,2,0,0,0,0,0,0,0,0,,,,,1,0,12.71,2.471,6,0,0,5.2,10,2,4,4
Matt Davidson,-0.1,4,273,926,103,209,49,143,0,81,0.226,0.295,0.435,0.73,0,0,0,0.667,3,0,0,3,1,0,1,2
John Andreoli,-0.1,1,26,61,4,14,0,4,2,5,0.23,0.284,0.262,0.546,,,,,,,,,,,,
Caleb Frare,-0.1,2,0,0,0,0,0,0,0,0,,,,,0,1,6.52,1.655,16,0,0,9.2,8,1,8,12
Matt Szczur,-0.1,5,,,,,,,,,,,,,,,,,,,,,,,,
Wilfredo Tovar,-0.1,3,40,101,6,19,0,7,1,6,0.188,0.241,0.238,0.478,,,,,,,,,,,,
Phillip Evans,-0.1,2,34,54,5,13,0,2,1,6,0.241,0.328,0.278,0.606,,,,,,,,,,,,
David Carpenter,-0.1,6,188,5,0,1,0,0,0,0,0.2,0.2,0.2,0.4,11,11,3.69,1.36,222,0,4,214.2,214,22,78,218
Ben Taylor,-0.1,2,,,,,,,,,,,,,,,,,,,,,,,,
Abraham Almonte,-0.1,7,369,1027,141,245,18,97,24,89,0.239,0.298,0.373,0.671,,,,,,,,,,,,
Wei-Chieh Huang,-0.1,1,0,0,0,0,0,0,0,0,,,,,0,0,3.18,2.294,4,0,0,5.2,8,0,5,2
Ryan Garton,-0.1,3,1,0,0,0,0,0,0,0,,,,,1,3,4.9,1.306,59,0,1,64.1,66,11,18,50
Juan Graterol,-0.1,4,67,124,10,27,0,14,0,2,0.218,0.227,0.266,0.493,,,,,,,,,,,,
Mason Williams,-0.1,5,87,217,24,62,3,14,4,13,0.286,0.325,0.382,0.707,,,,,,,,,,,,
Christian Colón,-0.1,5,150,355,34,91,1,26,5,30,0.256,0.321,0.318,0.64,,,,,,,,,,,,
Zach Green,-0.1,1,8,14,1,2,0,1,0,2,0.143,0.25,0.214,0.464,,,,,,,,,,,,
Zac Rosscup,-0.2,6,88,0,0,0,0,0,0,0,,,,,5,2,5.16,1.649,116,0,0,83.2,83,15,55,113
Ryan Court,-0.2,1,12,24,1,5,1,5,0,1,0.208,0.24,0.375,0.615,,,,,,,,,,,,
Sean Rodríguez,-0.2,12,1099,2559,344,578,81,298,42,225,0.226,0.302,0.38,0.682,0,0,0,0,2,0,0,1.1,0,0,0,1
Deolis Guerra,-0.2,4,14,1,0,0,0,0,0,0,0,0,0,0,7,2,4.52,1.296,74,0,0,95.2,102,16,22,75
Greg Bird,-0.2,4,186,611,75,129,32,98,0,74,0.211,0.301,0.424,0.725,,,,,,,,,,,,
Mitch Walding,-0.2,2,15,19,1,1,1,2,0,2,0.053,0.143,0.211,0.353,,,,,,,,,,,,
Robbie Erlin,-0.2,6,100,72,1,8,0,2,0,3,0.111,0.147,0.111,0.258,13,20,4.57,1.272,106,38,0,313,336,34,62,249
Taylor Davis,-0.2,3,20,36,3,8,1,7,0,2,0.222,0.256,0.333,0.59,0,0,0,3,1,0,0,1,3,0,0,0
Aaron Slegers,-0.2,3,0,0,0,0,0,0,0,0,,,,,1,2,5.63,1.25,9,5,1,32,32,7,8,15
Rico Garcia,-0.2,1,2,1,0,0,0,0,0,0,0,0,0,0,0,1,10.5,2.333,2,1,0,6,9,3,5,2
Ryan Burr,-0.2,2,0,0,0,0,0,0,0,0,,,,,1,1,5.52,1.466,24,1,0,29.1,29,6,14,26
Peter O'Brien,-0.2,4,72,182,17,38,11,26,1,16,0.209,0.275,0.434,0.709,,,,,,,,,,,,
Dilson Herrera,-0.2,3,102,236,24,48,11,28,2,26,0.203,0.293,0.394,0.687,,,,,,,,,,,,
Wes Parsons,-0.2,2,32,3,0,0,0,0,0,1,0,0.25,0,0.25,1,3,5.67,1.765,33,0,0,39.2,38,7,32,29
Brady Lail,-0.2,1,0,0,0,0,0,0,0,0,,,,,0,0,10.13,1.125,1,0,0,2.2,2,1,1,2
Nate Orf,-0.2,1,15,21,4,2,1,1,1,3,0.095,0.24,0.238,0.478,,,,,,,,,,,,
Cristhian Adames,-0.2,5,176,328,32,70,2,22,2,30,0.213,0.289,0.284,0.573,,,,,,,,,,,,
Brock Stassi,-0.3,2,,,,,,,,,,,,,,,,,,,,,,,,
Brandon Guyer,-0.3,8,,,,,,,,,,,,,,,,,,,,,,,,
Derek Law,-0.3,4,107,2,1,1,0,0,0,0,0.5,0.5,0.5,1,10,5,4.22,1.425,167,4,10,166.1,166,18,71,164
Braden Shipley,-0.3,3,,,,,,,,,,,,,,,,,,,,,,,,
Sam Moll,-0.3,1,0,0,0,0,0,0,0,0,,,,,0,0,10.8,2.4,11,0,0,6.2,13,2,3,7
Tyler Thornburg,-0.3,7,138,25,1,1,0,0,0,0,0.04,0.077,0.08,0.157,16,9,3.47,1.258,185,10,13,262.1,219,33,111,263
Nick Ciuffo,-0.3,2,19,43,3,8,1,5,0,3,0.186,0.25,0.279,0.529,,,,,,,,,,,,
Andrés Machado,-0.3,1,0,0,0,0,0,0,0,0,,,,,0,0,22.09,3.545,2,0,0,3.2,10,2,3,1
Jaime Schultz,-0.3,2,4,0,0,0,0,0,0,0,,,,,2,2,5.86,1.245,26,1,0,35.1,24,7,20,38
Drew Anderson,-0.3,3,8,4,0,0,0,0,0,0,0,0,0,0,0,1,7.71,1.81,9,1,0,21,29,1,9,19
Dillon Overton,-0.4,3,,,,,,,,,,,,,,,,,,,,,,,,
Javy Guerra,-0.4,9,181,4,0,0,0,0,0,1,0,0.2,0,0.2,11,12,3.72,1.377,252,0,33,281,276,24,111,228
Manny Banuelos,-0.4,2,8,3,0,0,0,0,0,0,0,0,0,0,4,8,6.31,1.753,23,14,0,77,90,16,45,63
Erik Kratz,-0.4,10,316,853,74,175,31,101,1,45,0.205,0.252,0.354,0.606,0,0,3.6,1.8,5,0,0,5,8,0,1,3
Jesse Biddle,-0.4,2,69,2,0,1,0,1,0,0,0.5,0.5,1,1.5,6,2,4.71,1.582,90,0,1,91.2,92,11,53,93
Drew Smyly,-0.4,6,18,23,1,0,0,0,0,1,0,0.042,0,0.042,35,34,4.16,1.264,181,106,3,684.1,649,109,216,672
Jake Elmore,-0.4,6,217,465,37,100,4,37,4,50,0.215,0.292,0.275,0.567,,,,,,,,,,,,
Ramón Torres,-0.4,2,,,,,,,,,,,,,,,,,,,,,,,,
Jacob Barnes,-0.4,4,155,0,0,0,0,0,0,1,,1,,,4,11,4.25,1.4,182,1,5,180,168,20,84,185
Yimi García,-0.4,5,158,3,0,0,0,0,0,0,0,0,0,0,5,11,3.66,0.99,165,1,1,159.2,128,32,30,166
Tim Federowicz,-0.4,8,163,406,31,78,12,39,1,25,0.192,0.241,0.328,0.568,0,0,9,3,1,0,0,1,3,1,0,0
Jack Reinheimer,-0.4,2,,,,,,,,,,,,,,,,,,,,,,,,
Rex Brothers,-0.4,7,301,4,0,0,0,0,0,0,0,0,0,0,20,14,3.79,1.496,314,0,20,266,244,24,154,311
Jesse Hahn,-0.4,5,17,26,1,2,0,1,0,0,0.077,0.077,0.077,0.154,18,21,4.33,1.362,59,50,0,290.2,287,22,109,219
Rocky Gale,-0.4,4,22,37,2,4,1,2,0,0,0.108,0.108,0.189,0.297,,,,,,,,,,,,
Jaycob Brugman,-0.4,2,,,,,,,,,,,,,,,,,,,,,,,,
Rob Zastryzny,-0.4,3,18,6,0,1,0,0,0,0,0.167,0.167,0.167,0.333,2,0,4.41,1.529,18,1,0,34.2,37,2,16,31
Matt Reynolds,-0.4,3,127,215,24,48,4,19,0,19,0.223,0.295,0.34,0.635,,,,,,,,,,,,
Keury Mella,-0.4,3,8,3,0,0,0,0,0,0,0,0,0,0,0,0,7.94,2.059,8,0,0,17,23,5,12,13
Tomás Telis,-0.4,5,,,,,,,,,,,,,,,,,,,,,,,,
Wei-Yin Chen,-0.5,8,102,103,2,7,0,2,0,0,0.068,0.068,0.078,0.146,59,51,4.18,1.277,219,170,0,1064.2,1090,156,270,846
Andrés Blanco,-0.5,15,,,,,,,,,,,,,,,,,,,,,,,,
Derek Holland,-0.5,11,94,82,3,6,0,0,0,4,0.073,0.116,0.085,0.202,78,78,4.54,1.372,295,222,0,1375.2,1389,202,498,1145
Mike Morin,-0.5,6,35,0,0,0,0,0,0,0,,,,,11,11,4.65,1.242,238,0,2,224.2,220,21,59,192
Rubén Tejada,-0.5,9,663,2119,225,530,10,158,16,202,0.25,0.324,0.317,0.641,,,,,,,,,,,,
José Fernández,-0.5,2,1,0,0,0,0,0,0,0,,,,,0,0,9,1.786,17,0,0,14,16,3,9,8
John Ryan Murphy,-0.5,7,259,622,63,136,18,59,0,39,0.219,0.265,0.357,0.622,0,0,27,4.333,2,0,0,3,10,3,3,0
Miguel Del Pozo,-0.5,1,0,0,0,0,0,0,0,0,,,,,1,1,10.61,1.929,17,0,0,9.1,10,3,8,11
Ross Detwiler,-0.5,11,151,118,3,7,0,3,0,3,0.059,0.083,0.059,0.142,26,47,4.6,1.478,208,95,1,653.2,728,76,238,400
Arismendy Alcántara,-0.5,5,,,,,,,,,,,,,,,,,,,,,,,,
Travis Taijeron,-0.6,2,,,,,,,,,,,,,,,,,,,,,,,,
Dustin Peterson,-0.6,2,19,46,3,10,0,6,1,2,0.217,0.265,0.304,0.57,,,,,,,,,,,,
Cody Anderson,-0.6,3,2,3,0,0,0,0,0,0,0,0,0,0,9,9,4.76,1.363,39,26,0,160.2,174,23,45,107
Emilio Bonifácio,-0.6,11,831,2610,355,669,13,165,166,215,0.256,0.313,0.333,0.645,,,,,,,,,,,,
Jake Petricka,-0.6,7,20,1,0,0,0,0,0,0,0,0,0,0,10,12,3.96,1.519,228,0,16,231.2,255,18,97,175
Rosell Herrera,-0.6,2,149,383,35,86,3,31,7,30,0.225,0.286,0.316,0.602,,,,,,,,,,,,
Andrew Susac,-0.6,5,113,276,31,61,7,35,0,23,0.221,0.283,0.373,0.657,,,,,,,,,,,,
Chris Rowley,-0.6,2,,,,,,,,,,,,,,,,,,,,,,,,
Corban Joseph,-0.6,3,44,88,7,15,1,10,0,5,0.17,0.213,0.261,0.474,,,,,,,,,,,,
Gavin Cecchini,-0.6,3,,,,,,,,,,,,,,,,,,,,,,,,
Chris Herrmann,-0.6,8,370,887,108,182,25,103,10,94,0.205,0.282,0.344,0.626,,,,,,,,,,,,
Trevor Rosenthal,-0.6,7,323,4,0,0,0,0,0,0,0,0,0,0,11,25,3.46,1.355,350,0,121,340.1,292,17,169,452
Tuffy Gosewisch,-0.6,6,,,,,,,,,,,,,,,,,,,,,,,,
Yefry Ramírez,-0.6,2,10,4,0,0,0,0,0,0,0,0,0,0,1,10,6.32,1.628,30,13,0,89.2,94,15,52,89
Chris Owings,-0.6,7,646,2140,238,515,34,210,75,123,0.241,0.284,0.365,0.65,0,0,21.6,4.2,1,0,0,1.2,6,2,1,0
Josh Osich,-0.6,5,155,1,0,0,0,0,0,0,0,0,0,0,10,5,4.88,1.388,217,0,0,188,185,35,76,166
Tim Adleman,-0.6,3,,,,,,,,,,,,,,,,,,,,,,,,
Brooks Pounders,-0.7,4,21,0,0,0,0,0,0,0,,,,,4,2,8.47,1.796,45,0,0,45.2,70,14,12,47
Juan Centeno,-0.7,7,118,341,25,76,6,37,1,24,0.223,0.278,0.323,0.601,,,,,,,,,,,,
Humberto Arteaga,-0.7,1,41,122,11,24,0,4,1,8,0.197,0.258,0.23,0.487,0,0,5.4,1.8,1,0,0,1.2,2,1,1,0
Hector Noesí,-0.7,6,24,12,0,3,0,0,0,0,0.25,0.25,0.25,0.5,12,34,5.51,1.473,119,57,0,423,463,72,160,303
Reymin Guduan,-0.7,3,0,0,0,0,0,0,0,0,,,,,1,0,8.03,1.986,32,0,0,24.2,33,5,16,26
Matt Skole,-0.7,2,31,83,9,18,1,7,0,9,0.217,0.29,0.277,0.567,,,,,,,,,,,,
Eric Stamets,-0.7,1,15,41,4,2,0,2,0,5,0.049,0.149,0.073,0.222,,,,,,,,,,,,
Gordon Beckham,-0.8,11,1069,3403,420,807,80,351,35,266,0.237,0.3,0.367,0.667,,,,,,,,,,,,
Bryan Mitchell,-0.8,5,21,19,0,2,0,0,0,0,0.105,0.105,0.105,0.211,4,10,5.15,1.675,64,20,2,171.1,200,19,87,102
Luis Sardinas,-0.8,5,,,,,,,,,,,,,,,,,,,,,,,,
Francisco Peña,-0.8,5,,,,,,,,,,,,,,,,,,,,,,,,
Pete Kozma,-0.8,7,341,735,89,158,5,62,8,63,0.215,0.278,0.291,0.569,,,,,,,,,,,,
Yadiel Rivera,-0.9,5,188,281,33,50,1,15,4,27,0.178,0.248,0.221,0.469,,,,,,,,,,,,
Kaleb Cowart,-0.9,5,171,370,42,65,6,34,7,26,0.176,0.238,0.292,0.53,,,,,,,,,,,,
Cody Asche,-0.9,6,,,,,,,,,,,,,,,,,,,,,,,,
Rafael Ortega,-0.9,4,143,410,41,94,3,33,17,32,0.229,0.287,0.29,0.577,,,,,,,,,,,,
Gorkys Hernández,-1,6,394,988,122,227,20,81,29,79,0.23,0.292,0.351,0.643,,,,,,,,,,,,
Alex McRae,-1,2,13,8,0,2,0,0,0,0,0.25,0.25,0.25,0.5,0,5,8.18,1.97,13,2,0,33,44,9,21,24
Neil Ramírez,-1,6,109,2,0,0,0,0,0,0,0,0,0,0,4,8,4.46,1.419,185,1,3,179.2,160,33,95,211
Blake Swihart,-1,5,234,639,98,155,12,67,10,52,0.243,0.301,0.355,0.656,,,,,,,,,,,,
Miguel Díaz,-1,3,47,4,0,0,0,0,0,0,0,0,0,0,2,1,6.62,1.605,47,3,0,66.2,69,14,38,67
Carlos Pérez,-1,4,212,618,47,133,11,58,4,34,0.215,0.257,0.319,0.576,,,,,,,,,,,,
Kevin Quackenbush,-1.1,5,197,1,0,0,0,0,0,0,0,0,0,0,13,15,4.38,1.329,203,0,8,207.2,194,24,82,186
Jett Bandy,-1.1,4,,,,,,,,,,,,,,,,,,,,,,,,
Phil Gosselin,-1.1,7,320,597,77,157,7,42,7,39,0.263,0.312,0.355,0.667,,,,,,,,,,,,
Sócrates Brito,-1.1,4,99,207,23,37,5,18,3,10,0.179,0.216,0.309,0.525,,,,,,,,,,,,
Jace Peterson,-1.1,6,508,1427,153,325,20,137,39,174,0.228,0.314,0.33,0.644,0,0,36,6,1,0,0,1,6,1,0,1
Jonathan Lucroy,-1.2,10,1202,4121,481,1128,108,545,30,366,0.274,0.335,0.416,0.751,,,,,,,,,,,,
JB Shuck,-1.2,7,460,1172,137,285,8,86,25,87,0.243,0.296,0.314,0.61,0,0,4.5,1.5,2,0,0,2,2,0,1,0
Trevor Hildenberger,-1.2,3,11,0,0,0,0,0,0,0,,,,,9,11,5.35,1.386,132,0,9,131.1,143,18,39,129
Mike Gerber,-1.2,2,30,66,2,5,0,2,0,6,0.076,0.151,0.106,0.257,,,,,,,,,,,,
Ryder Jones,-1.3,2,,,,,,,,,,,,,,,,,,,,,,,,
Edwin Jackson,-1.3,17,242,297,24,49,2,13,1,14,0.165,0.202,0.199,0.401,107,133,4.78,1.466,412,318,1,1960,2094,249,779,1508
Andrew Romine,-1.3,9,581,1198,149,282,10,81,40,82,0.235,0.291,0.301,0.591,0,0,12.71,2.647,7,0,0,5.2,10,3,5,1
Ryan Cordell,-1.3,2,116,254,25,52,8,28,3,19,0.205,0.267,0.335,0.602,,,,,,,,,,,,
Mark Leiter Jr.,-1.4,2,35,28,0,2,0,0,0,0,0.071,0.071,0.071,0.143,3,7,5.53,1.474,47,11,0,114,125,25,43,106
Ryan Dull,-1.4,5,12,0,0,0,0,0,0,0,,,,,8,9,4.31,1.15,171,0,4,171.1,146,29,51,170
Noel Cuevas,-1.4,2,76,148,16,34,2,10,1,6,0.23,0.265,0.311,0.575,,,,,,,,,,,,
Félix Hernández,-1.5,15,22,50,3,4,1,7,0,2,0.08,0.115,0.16,0.275,169,136,3.42,1.206,419,418,0,2729.2,2487,264,805,2524
Jose Lobatón,-1.5,9,413,1134,109,244,21,107,0,121,0.215,0.293,0.319,0.612,,,,,,,,,,,,
Charlie Tilson,-1.6,3,96,252,23,62,1,23,6,20,0.246,0.31,0.29,0.6,,,,,,,,,,,,
Drew Butera,-1.6,10,513,1266,118,253,19,114,0,86,0.2,0.257,0.297,0.554,0,0,8.31,2.077,6,0,0,4.1,5,1,4,4
Justin Grimm,-1.7,7,249,7,0,0,0,0,0,0,0,0,0,0,20,23,4.98,1.402,306,19,4,356,345,44,154,361
Cheslor Cuthbert,-1.9,5,322,1076,100,269,27,119,3,75,0.25,0.3,0.378,0.679,,,,,,,,,,,,
Trayvon Robinson,,8,,,,,,,,,,,,,,,,,,,,,,,,
Michael Kohn,,9,,,,,,,,,,,,,,,,,,,,,,,,
Collin Cowgill,,8,,,,,,,,,,,,,,,,,,,,,,,,
Jordan Patterson,,3,,,,,,,,,,,,,,,,,,,,,,,,
Josh Thole,,10,,,,,,,,,,,,,,,,,,,,,,,,
Alberto Rosario,,3,,,,,,,,,,,,,,,,,,,,,,,,
James Jones,,5,,,,,,,,,,,,,,,,,,,,,,,,
Travis Snider,,11,,,,,,,,,,,,,,,,,,,,,,,,
Óscar Hernández,,2,22,42,5,7,1,2,0,3,0.167,0.239,0.262,0.501,,,,,,,,,,,,
R.J. Alvarez,,2,10,0,0,0,0,0,0,0,,,,,0,0,7.39,1.714,31,0,0,28,30,7,18,32
Mike Kickham,,2,12,6,0,1,0,0,0,0,0.167,0.167,0.333,0.5,0,3,10.98,2.143,14,3,0,30.1,54,9,11,30
Caleb Thielbar,,3,5,0,0,0,0,0,0,0,,,,,5,3,2.74,1.115,109,0,0,98.2,80,7,30,79
Tim Dillard,,11,,,,,,,,,,,,,,,,,,,,,,,,
Kyle Lobstein,,3,13,2,0,0,0,0,0,0,0,0,0,0,6,10,5.06,1.461,34,17,0,128,138,12,49,74
Lucas Luetge,,4,4,0,0,0,0,0,0,0,,,,,3,5,4.35,1.483,111,0,2,89,85,8,47,74
Mauricio Cabrera,,3,,,,,,,,,,,,,,,,,,,,,,,,
Justin De Fratus,,8,,,,,,,,,,,,,,,,,,,,,,,,