,Name,Position,Age,Contract Length,Total $,AAV,WAR3â–¼,BA,OBP,SLG,OPS,ERA,WHIP,IP,WAR3
0,Aaron Judge,RF,30.6,9,360000000 ,40000000 ,17.8,0.284,0.394,0.583,0.977,0.0,0.0,0.0,0.0
1,Trea Turner,SS,29.4,11,300000000 ,27272727 ,14.2,0.302,0.355,0.487,0.842,0.0,0.0,0.0,0.0
2,Xander Bogaerts,SS,30.2,11,280000000 ,25454545 ,12.2,0.292,0.356,0.458,0.814,0.0,0.0,0.0,0.0
3,Carlos Correa,SS,28.2,6,200000000 ,33333333 ,14.3,0.279,0.357,0.479,0.836,0.0,0.0,0.0,0.0
4,Jacob deGrom,SP,34.4,5,185000000 ,37000000 ,9.1,0.204,0.238,0.251,0.488,2.52,0.998,1326.0,0.0
5,Dansby Swanson,SS,28.8,7,177000000 ,25285714 ,10.4,0.255,0.321,0.417,0.738,0.0,0.0,0.0,0.0
6,Brandon Nimmo,CF,29.7,8,162000000 ,20250000 ,10.4,0.269,0.385,0.441,0.827,0.0,0.0,0.0,0.0
7,Willson Contreras,C,30.5,5,87500000 ,17500000 ,9.0,0.256,0.349,0.459,0.808,0.0,0.0,0.0,0.0
8,Justin Verlander,SP,39.8,2,86666666 ,43333333 ,6.1,0.1,0.1,0.1,0.2,3.24,1.117,3163.0,0.0
9,Andrew Benintendi,LF,28.4,5,75000000 ,15000000 ,5.5,0.279,0.351,0.431,0.782,0.0,0.0,0.0,0.0
10,Taijuan Walker,SP,30.2,4,72000000 ,18000000 ,4.3,0.161,0.183,0.205,0.388,3.89,1.226,898.0,0.0
11,Jameson Taillon,SP,31.0,4,68000000 ,17000000 ,3.5,0.11,0.123,0.118,0.241,3.84,1.212,787.2,0.0
12,Chris Bassitt,SP,33.8,3,63000000 ,21000000 ,9.3,0.0,0.0,0.0,0.0,3.45,1.196,737.1,0.0
13,Robert Suarez,RP,31.7,5,46000000 ,9200000 ,1.4,0.0,0.0,0.0,0.0,2.27,1.049,47.2,0.0
14,Mitch Haniger,RF,31.9,3,43500000 ,14500000 ,4.4,0.261,0.335,0.476,0.811,0.0,0.0,0.0,0.0
15,Zach Eflin,SP,28.6,3,40000000 ,13333333 ,4.3,0.126,0.136,0.162,0.298,4.49,1.295,659.1,0.0
16,Anthony Rizzo,1B,33.2,2,40000000 ,20000000 ,5.2,0.265,0.366,0.481,0.847,0.0,0.0,0.0,0.0
17,Rafael Montero,RP,32.0,3,34500000 ,11500000 ,-0.2,0.047,0.047,0.047,0.093,4.64,1.458,356.2,0.0
18,Nathan Eovaldi,SP,32.8,2,34000000 ,17000000 ,7.2,0.078,0.119,0.078,0.197,4.16,1.322,1257.2,0.0
19,Taylor Rogers,RP,32.0,3,33000000 ,11000000 ,-0.9,0.0,0.0,0.0,0.0,3.42,1.156,379.0,0.0
20,Josh Bell,1B,30.2,2,33000000 ,16500000 ,5.6,0.262,0.351,0.459,0.81,0.0,0.0,0.0,0.0
21,Kenley Jansen,RP,35.2,2,32000000 ,16000000 ,3.5,0.333,0.4,0.444,0.844,2.46,0.938,769.0,0.0
22,Michael Wacha,SP,31.6,4,26000000 ,6500000 ,2.5,0.092,0.123,0.1,0.222,4.05,1.307,1153.2,0.0
23,Ross Stripling,SP,33.0,2,25000000 ,12500000 ,3.0,0.088,0.126,0.088,0.214,3.78,1.195,672.0,0.0
24,Sean Manaea,SP,30.8,2,25000000 ,12500000 ,2.7,0.214,0.267,0.286,0.552,4.06,1.22,885.0,0.0
25,Andrew Heaney,SP,31.5,2,25000000 ,12500000 ,2.2,0.125,0.16,0.125,0.285,4.56,1.245,707.0,0.0
26,Justin Turner,3B,38.0,2,21700000 ,10850000 ,7.2,0.289,0.366,0.466,0.832,0.0,0.0,0.0,0.0
27,Clayton Kershaw,SP,34.7,1,20000000 ,20000000 ,7.9,0.162,0.205,0.185,0.39,2.48,1.001,2581.0,0.0
28,Joc Pederson,LF,30.5,1,19650000 ,19650000 ,1.0,0.237,0.335,0.47,0.804,0.0,0.0,0.0,0.0
29,Drew Smyly,SP,33.5,2,19000000 ,9500000 ,2.7,0.047,0.062,0.047,0.108,4.1,1.266,943.2,0.0
30,Cody Bellinger,CF,27.3,1,17500000 ,17500000 ,1.2,0.248,0.332,0.487,0.819,0.0,0.0,0.0,0.0
31,Jean Segura,2B,32.8,2,17000000 ,8500000 ,6.7,0.285,0.33,0.408,0.739,0.0,0.0,0.0,0.0
32,Jordan Lyles,SP,32.2,2,17000000 ,8500000 ,-0.4,0.112,0.157,0.157,0.314,5.1,1.428,1326.1,0.0
33,Brandon Drury,3B,30.2,2,17000000 ,8500000 ,1.7,0.252,0.302,0.434,0.736,0.0,0.0,0.0,0.0
34,Seth Lugo,RP,33.1,2,15000000 ,7500000 ,1.9,0.155,0.18,0.259,0.439,3.48,1.164,494.2,0.0
35,Adam Ottavino,RP,37.0,2,14500000 ,7250000 ,2.9,0.083,0.12,0.083,0.203,3.44,1.291,625.1,0.0
36,Chris Martin,RP,36.5,2,13500000 ,6750000 ,2.7,0.0,0.0,0.0,0.0,3.84,1.151,251.0,0.0
37,Noah Syndergaard,SP,30.2,1,13000000 ,13000000 ,1.7,0.153,0.206,0.266,0.472,3.42,1.176,852.2,0.0
38,Trevor Williams,RP,30.6,2,13000000 ,6500000 ,0.9,0.123,0.174,0.123,0.297,4.27,1.343,715.1,0.0
39,Matt Carpenter,3B,37.0,2,12000000 ,6000000 ,1.5,0.263,0.369,0.456,0.825,0.0,0.0,0.0,0.0
40,Michael Brantley,LF,35.6,1,12000000 ,12000000 ,5.4,0.298,0.356,0.439,0.794,0.0,0.0,0.0,0.0
41,Mike Clevinger,SP,31.9,1,12000000 ,12000000 ,1.6,0.0,0.0,0.0,0.0,3.39,1.188,656.2,0.0
42,Tommy Kahnle,RP,33.2,2,11500000 ,5750000 ,0.4,0.0,0.0,0.0,0.0,3.78,1.257,290.1,0.0
43,Joey Gallo,LF,29.1,1,11000000 ,11000000 ,6.5,0.199,0.325,0.469,0.794,0.0,0.0,0.0,0.0
44,J.D. Martinez,DH,35.3,1,10000000 ,10000000 ,3.4,0.288,0.352,0.52,0.872,0.0,0.0,0.0,0.0
45,Corey Kluber,SP,36.7,1,10000000 ,10000000 ,2.1,0.107,0.138,0.143,0.281,3.31,1.112,1586.2,0.0
46,Craig Kimbrel,RP,34.5,1,10000000 ,10000000 ,2.5,0.0,0.0,0.0,0.0,2.31,0.985,688.1,0.0
47,David Robertson,RP,37.6,1,10000000 ,10000000 ,2.5,0.0,0.0,0.0,0.0,2.89,1.156,739.1,0.0
48,Kyle Gibson,SP,35.1,1,10000000 ,10000000 ,4.1,0.167,0.2,0.229,0.429,4.52,1.385,1504.0,0.0
49,Jace Peterson,3B,32.5,2,9500000 ,4750000 ,3.3,0.231,0.321,0.343,0.664,13.5,2.75,4.0,0.0
50,Brandon Belt,1B,34.7,1,9300000 ,9300000 ,5.0,0.261,0.356,0.458,0.814,0.0,0.0,0.0,0.0
51,Kevin Kiermaier,CF,32.6,1,9000000 ,9000000 ,6.3,0.248,0.308,0.407,0.715,0.0,0.0,0.0,0.0
52,Chad Green,RP,31.7,2,8500000 ,4250000 ,2.8,0.0,0.0,0.0,0.0,3.17,1.022,383.2,0.0
53,Zack Greinke,SP,39.2,1,8500000 ,8500000 ,4.9,0.225,0.262,0.336,0.598,3.42,1.167,3247.0,0.0
54,Johnny Cueto,SP,36.8,1,8500000 ,8500000 ,4.4,0.101,0.129,0.103,0.232,3.44,1.208,2192.2,0.0
55,Michael Lorenzen,SP,30.9,1,8500000 ,8500000 ,1.3,0.233,0.282,0.429,0.71,4.1,1.356,571.0,0.0
56,Rich Hill,SP,42.8,1,8000000 ,8000000 ,3.0,0.113,0.13,0.133,0.263,3.85,1.229,1259.0,0.0
57,Adam Frazier,2B,31.0,1,8000000 ,8000000 ,5.7,0.273,0.336,0.392,0.728,0.0,0.0,0.0,0.0
58,Matt Moore,RP,33.6,1,7550000 ,7550000 ,1.6,0.087,0.104,0.087,0.19,4.45,1.399,1041.2,0.0
59,Wil Myers,RF,32.0,1,7500000 ,7500000 ,3.8,0.254,0.329,0.442,0.771,7.36,1.091,3.2,0.0
60,Adam Duvall,RF,34.3,1,7000000 ,7000000 ,3.8,0.23,0.289,0.465,0.755,0.0,0.0,0.0,0.0
61,Trevor May,RP,33.2,1,7000000 ,7000000 ,0.4,0.0,0.0,0.0,0.0,4.35,1.306,403.2,0.0
62,Carlos Santana,1B,36.6,1,6725000 ,6725000 ,2.1,0.242,0.359,0.432,0.791,0.0,0.0,0.0,0.0
63,David Peralta,LF,35.4,1,6500000 ,6500000 ,2.3,0.281,0.339,0.457,0.796,0.0,0.0,0.0,0.0
64,Tucker Barnhart,C,31.9,2,6500000 ,3250000 ,1.1,0.245,0.32,0.36,0.68,9.0,3.0,1.0,0.0
65,Andrew Chafin,RP,32.6,1,6250000 ,6250000 ,3.1,0.2,0.2,0.2,0.4,3.23,1.228,400.2,0.0
66,Tommy Pham,LF,34.8,1,6000000 ,6000000 ,1.7,0.259,0.354,0.433,0.787,0.0,0.0,0.0,0.0
67,Mike Zunino,C,31.7,1,6000000 ,6000000 ,2.9,0.2,0.271,0.41,0.681,0.0,0.0,0.0,0.0
68,Andrew McCutchen,DH,36.2,1,5000000 ,5000000 ,2.4,0.277,0.369,0.469,0.838,0.0,0.0,0.0,0.0
69,Zach Davies,SP,29.8,1,5000000 ,5000000 ,1.4,0.126,0.161,0.144,0.305,4.14,1.328,966.0,0.0
70,Austin Hedges,C,30.3,1,5000000 ,5000000 ,-0.6,0.189,0.247,0.331,0.578,0.0,0.0,0.0,0.0
71,Mychal Givens,RP,32.6,1,5000000 ,5000000 ,2.6,0.0,0.0,0.0,0.0,3.4,1.193,457.2,0.0
72,Pierce Johnson,RP,31.6,1,5000000 ,5000000 ,1.3,0.0,0.0,0.0,0.0,4.05,1.329,137.2,0.0
73,Jeimer Candelario,3B,29.0,1,5000000 ,5000000 ,6.5,0.24,0.322,0.401,0.723,0.0,0.0,0.0,0.0
74,Wade Miley,SP,36.1,1,4500000 ,4500000 ,5.8,0.158,0.194,0.195,0.389,4.13,1.376,1618.0,0.0
75,Evan Longoria,3B,37.2,1,4000000 ,4000000 ,3.1,0.265,0.334,0.472,0.806,0.0,0.0,0.0,0.0
76,Aroldis Chapman,RP,34.8,1,3750000 ,3750000 ,1.7,0.0,0.0,0.0,0.0,2.48,1.069,640.0,0.0
77,Miguel Castro,RP,27.9,1,3500000 ,3500000 ,0.8,0.0,0.0,0.0,0.0,4.12,1.407,382.1,0.0
78,Curt Casali,C,34.1,1,3250000 ,3250000 ,2.5,0.223,0.316,0.392,0.707,0.0,0.0,0.0,0.0
79,Ryan Yarbrough,SP,30.9,1,3000000 ,3000000 ,-0.1,0.0,0.0,0.0,0.0,4.33,1.202,579.2,0.0
80,Brad Boxberger,RP,34.5,1,2800000 ,2800000 ,2.7,0.0,0.0,0.0,0.0,3.44,1.265,457.2,0.0
81,Corey Dickerson,LF,33.6,1,2250000 ,2250000 ,0.5,0.281,0.324,0.481,0.805,0.0,3.0,1.0,0.0
82,Dominic Smith,LF,27.5,1,2000000 ,2000000 ,1.0,0.246,0.308,0.424,0.733,0.0,0.0,0.0,0.0
83,Shelby Miller,RP,32.1,1,1500000 ,1500000 ,-0.5,0.108,0.165,0.182,0.347,4.21,1.371,778.0,0.0
84,Trevor Gott,RP,30.2,1,1200000 ,1200000 ,-1.2,0.0,0.0,0.0,0.0,4.8,1.276,185.2,0.0
85,Luke Maile,C,31.8,1,1175000 ,1175000 ,0.9,0.207,0.268,0.314,0.582,0.0,0.0,0.0,0.0
86,Nelson Cruz,DH,42.5,1,1000000 ,1000000 ,4.5,0.274,0.344,0.515,0.859,0.0,0.0,0.0,0.0
87,Danny Mendick,2B,29.2,1,1000000 ,1000000 ,0.9,0.251,0.309,0.366,0.675,0.0,0.0,0.0,0.0
88,Jackson Stephens,RP,28.6,1,740000 ,740000 ,0.0,0.25,0.333,0.25,0.583,4.31,1.41,117.0,0.0
89,Eric Hosmer,1B,33.2,1,720000 ,720000 ,3.3,0.277,0.336,0.428,0.764,0.0,0.0,0.0,0.0
90,Corey Seager,SS,27.6,10,325000000 ,32500000 ,0.0,0.297,0.367,0.504,0.87,0.0,0.0,0.0,8.6
91,Kris Bryant,OF,30.2,7,182000000 ,26000000 ,0.0,0.278,0.376,0.504,0.88,0.0,0.0,0.0,8.3
92,Marcus Semien,2B,31.2,7,175000000 ,25000000 ,0.0,0.256,0.324,0.444,0.768,0.0,0.0,0.0,16.0
93,Freddie Freeman,1B,32.5,6,162000000 ,27000000 ,0.0,0.295,0.384,0.509,0.893,0.0,0.0,0.0,11.9
94,Trevor Story,SS,29.3,6,140000000 ,23333333 ,0.0,0.272,0.34,0.523,0.863,0.0,0.0,0.0,13.7
95,Max Scherzer,SP,37.3,3,130000000 ,43333333 ,0.0,0.168,0.194,0.188,0.381,3.16,1.084,2536.2,12.7
96,Robbie Ray,SP,30.1,5,115000000 ,23000000 ,0.0,0.143,0.157,0.181,0.338,4.0,1.321,1035.2,7.6
97,Kevin Gausman,SP,30.8,5,110000000 ,22000000 ,0.0,0.109,0.161,0.109,0.27,4.02,1.283,1177.1,6.0
98,Carlos Correa,SS,27.4,3,105300000 ,35100000 ,0.0,0.277,0.356,0.481,0.837,0.0,0.0,0.0,12.6
99,Nick Castellanos,DH,30.0,5,100000000 ,20000000 ,0.0,0.278,0.329,0.486,0.814,0.0,0.0,0.0,6.2
100,Kyle Schwarber,LF,29.0,4,79000000 ,19750000 ,0.0,0.237,0.343,0.493,0.836,0.0,0.0,0.0,5.6
101,Starling Marte,CF,33.1,4,78000000 ,19500000 ,0.0,0.289,0.346,0.451,0.797,0.0,0.0,0.0,9.2
102,Eduardo Rodriguez,SP,28.6,5,77000000 ,15400000 ,0.0,0.0,0.0,0.0,0.0,4.16,1.313,856.2,7.0
103,Marcus Stroman,SP,30.6,3,71000000 ,23666667 ,0.0,0.101,0.14,0.169,0.308,3.63,1.266,1028.1,7.5
104,Chris Taylor,LF,31.2,4,60000000 ,15000000 ,0.0,0.261,0.337,0.443,0.779,0.0,0.0,0.0,5.9
105,Raisel Iglesias,RP,31.8,4,58000000 ,14500000 ,0.0,0.085,0.085,0.149,0.234,3.06,1.094,481.2,4.0
106,Jon Gray,SP,30.0,4,56000000 ,14000000 ,0.0,0.091,0.13,0.12,0.25,4.59,1.338,829.1,4.1
107,Justin Verlander,SP,38.7,2,50000000 ,25000000 ,0.0,0.1,0.1,0.1,0.2,3.33,1.134,2988.0,7.5
108,Steven Matz,SP,30.4,4,44000000 ,11000000 ,0.0,0.17,0.201,0.25,0.451,4.24,1.323,730.1,3.4
109,Jorge Soler,DH,30.0,3,36000000 ,12000000 ,0.0,0.246,0.331,0.465,0.796,0.0,0.0,0.0,3.6
110,Anthony DeSclafani,RP,31.6,3,36000000 ,12000000 ,0.0,0.113,0.142,0.136,0.279,4.06,1.252,824.0,6.5
111,Anthony Rizzo,1B,32.6,2,32000000 ,16000000 ,0.0,0.268,0.369,0.481,0.85,0.0,1.0,1.0,7.1
112,Mark Canha,LF,32.8,2,26500000 ,13250000 ,0.0,0.244,0.344,0.431,0.776,0.0,0.0,0.0,8.3
113,Alex Wood,SP,30.8,2,25000000 ,12500000 ,0.0,0.083,0.128,0.091,0.218,3.5,1.225,990.1,1.0
114,Kendall Graveman,RP,30.9,3,24000000 ,8000000 ,0.0,0.0,0.0,0.0,0.0,4.15,1.329,520.2,1.8
115,Noah Syndergaard,SP,29.2,1,21000000 ,21000000 ,0.0,0.153,0.206,0.266,0.472,3.32,1.162,718.0,2.0
116,Alex Cobb,SP,34.1,2,20000000 ,10000000 ,0.0,0.083,0.12,0.125,0.245,3.87,1.265,1010.1,2.3
117,Eduardo Escobar,3B,32.8,2,20000000 ,10000000 ,0.0,0.256,0.309,0.436,0.745,0.0,0.0,0.0,5.4
118,Brandon Belt,1B,33.5,1,18400000 ,18400000 ,0.0,0.264,0.358,0.464,0.823,0.0,0.0,0.0,5.2
119,Eddie Rosario,LF,30.4,2,18000000 ,9000000 ,0.0,0.275,0.309,0.473,0.782,0.0,0.0,0.0,3.8
120,Joe Kelly,RP,33.8,2,17000000 ,8500000 ,0.0,0.163,0.179,0.207,0.385,3.83,1.362,730.2,0.4
121,Clayton Kershaw,SP,33.9,1,17000000 ,17000000 ,0.0,0.162,0.205,0.185,0.39,2.49,1.004,2454.2,7.7
122,Hector Neris,RP,32.4,2,17000000 ,8500000 ,0.0,0.0,0.0,0.0,0.0,3.42,1.192,407.2,2.8
123,Aaron Loup,RP,33.9,2,17000000 ,8500000 ,0.0,0.0,0.0,0.0,0.0,3.05,1.195,407.2,3.4
124,Leury Garcia,2B,30.7,3,16500000 ,5500000 ,0.0,0.259,0.302,0.364,0.666,0.0,0.0,0.0,4.0
125,Kenley Jansen,RP,34.4,1,16000000 ,16000000 ,0.0,0.333,0.4,0.444,0.844,2.37,0.928,705.0,2.9
126,Nelson Cruz,DH,41.7,1,15000000 ,15000000 ,0.0,0.277,0.346,0.527,0.873,0.0,0.0,0.0,8.7
127,Ryan Tepera,RP,34.3,2,14000000 ,7000000 ,0.0,0.0,0.0,0.0,0.0,3.48,1.117,297.1,2.0
128,Mark Melancon,RP,36.7,2,14000000 ,7000000 ,0.0,0.0,1.0,0.0,0.0,2.79,1.141,670.2,4.2
129,Zack Greinke,SP,38.3,1,13000000 ,13000000 ,0.0,0.225,0.262,0.336,0.598,3.41,1.159,3110.0,8.5
130,Andrew Chafin,RP,31.7,2,13000000 ,6500000 ,0.0,0.2,0.2,0.2,0.4,3.3,1.238,343.1,3.5
131,Yan Gomes,C,34.3,2,13000000 ,6500000 ,0.0,0.247,0.299,0.421,0.72,0.0,0.0,0.0,4.7
132,Brad Miller,LF,32.3,2,10000000 ,5000000 ,0.0,0.239,0.317,0.425,0.742,0.0,0.0,0.0,2.7
133,Collin McHugh,RP,34.7,2,10000000 ,5000000 ,0.0,0.071,0.071,0.071,0.143,3.77,1.229,864.2,2.3
134,James Paxton,SP,33.0,1,10000000 ,10000000 ,0.0,0.0,0.143,0.0,0.143,3.59,1.212,754.2,1.9
135,Corey Knebel,RP,30.0,1,10000000 ,10000000 ,0.0,0.0,0.0,0.0,0.0,3.23,1.218,262.0,0.6
136,Brooks Raley,RP,33.4,2,10000000 ,5000000 ,0.0,0.154,0.154,0.154,0.308,5.62,1.314,107.1,-0.2
137,Andrew McCutchen,DH,35.4,1,8500000 ,8500000 ,0.0,0.28,0.373,0.476,0.849,0.0,0.0,0.0,3.0
138,Andrew Heaney,SP,30.4,1,8500000 ,8500000 ,0.0,0.125,0.16,0.125,0.285,4.72,1.263,634.1,2.8
139,Kirby Yates,RP,34.7,2,8250000 ,4125000 ,0.0,0.0,0.0,0.0,0.0,3.54,1.148,282.1,2.6
140,Tyler Anderson,SP,32.2,1,8000000 ,8000000 ,0.0,0.096,0.15,0.134,0.283,4.62,1.315,623.2,1.1
141,Jake Diekman,RP,35.1,2,8000000 ,4000000 ,0.0,0.0,0.0,0.0,0.0,3.73,1.371,456.0,2.1
142,Corey Kluber,SP,35.6,1,8000000 ,8000000 ,0.0,0.107,0.138,0.143,0.281,3.19,1.1,1422.2,1.1
143,Tommy Pham,LF,34.0,1,7500000 ,7500000 ,0.0,0.265,0.364,0.447,0.81,0.0,0.0,0.0,5.2
144,Jordan Lyles,SP,31.1,1,7000000 ,7000000 ,0.0,0.112,0.157,0.157,0.314,5.21,1.435,1147.1,0.7
145,Daniel Hudson,RP,34.7,1,7000000 ,7000000 ,0.0,0.222,0.261,0.296,0.557,3.86,1.244,765.0,2.4
146,Michael Wacha,SP,30.3,1,7000000 ,7000000 ,0.0,0.092,0.123,0.1,0.222,4.14,1.331,1026.1,-0.6
147,Michael Lorenzen,SP,29.8,1,6750000 ,6750000 ,0.0,0.233,0.282,0.429,0.71,4.07,1.371,473.1,2.9
148,Joc Pederson,LF,29.8,1,6000000 ,6000000 ,0.0,0.232,0.332,0.462,0.794,0.0,0.0,0.0,2.6
149,Brad Hand,RP,31.9,1,6000000 ,6000000 ,0.0,0.069,0.069,0.069,0.139,3.68,1.239,673.1,1.5
150,Jeurys Familia,RP,32.4,1,6000000 ,6000000 ,0.0,0.4,0.4,0.4,0.8,3.28,1.311,498.2,0.1
151,Garrett Richards,SP,33.8,1,5500000 ,5500000 ,0.0,0.05,0.05,0.1,0.15,3.81,1.305,941.1,0.9
152,Michael Pineda,SP,33.2,1,5500000 ,5500000 ,0.0,0.111,0.111,0.111,0.222,3.98,1.19,962.0,4.5
153,Josh Harrison,2B,34.7,1,5500000 ,5500000 ,0.0,0.274,0.318,0.401,0.719,0.0,0.0,0.1,1.5
154,Drew Smyly,SP,32.8,1,5250000 ,5250000 ,0.0,0.047,0.062,0.047,0.108,4.18,1.275,837.1,0.4
155,Kole Calhoun,RF,34.1,1,5200000 ,5200000 ,0.0,0.248,0.322,0.427,0.749,0.0,0.0,0.0,2.9
156,Mychal Givens,RP,31.8,1,5000000 ,5000000 ,0.0,0.0,0.0,0.0,0.0,3.41,1.173,396.1,2.4
157,Corey Dickerson,LF,32.8,1,5000000 ,5000000 ,0.0,0.283,0.327,0.488,0.815,0.0,0.0,0.0,1.3
158,Dylan Bundy,SP,29.0,1,5000000 ,5000000 ,0.0,0.143,0.143,0.143,0.286,4.72,1.308,770.2,3.5
159,Rich Hill,SP,41.7,1,5000000 ,5000000 ,0.0,0.113,0.13,0.133,0.263,3.8,1.221,1134.2,3.5
160,Ian Kennedy,RP,37.2,1,4750000 ,4750000 ,0.0,0.131,0.213,0.181,0.394,4.1,1.279,1837.2,2.1
161,Zach Davies,SP,29.1,1,4500000 ,4500000 ,0.0,0.126,0.161,0.144,0.305,4.14,1.333,831.2,3.4
162,Donovan Solano,2B,34.2,1,4500000 ,4500000 ,0.0,0.277,0.325,0.372,0.698,0.0,0.0,0.0,4.1
163,Adam Ottavino,RP,36.2,1,4000000 ,4000000 ,0.0,0.083,0.12,0.083,0.203,3.6,1.328,559.2,2.9
164,Andrelton Simmons,SS,32.5,1,4000000 ,4000000 ,0.0,0.265,0.313,0.369,0.683,0.0,0.0,0.0,3.4
165,Chris Archer,SP,33.5,1,3750000 ,3750000 ,0.0,0.1,0.143,0.113,0.255,3.87,1.254,1254.1,0.7
166,Archie Bradley,RP,29.6,1,3750000 ,3750000 ,0.0,0.095,0.094,0.095,0.189,3.89,1.367,463.0,2.2
167,David Robertson,RP,36.9,1,3500000 ,3500000 ,0.0,0.0,0.0,0.0,0.0,2.93,1.156,675.2,-0.1
168,Danny Duffy,SP,33.2,1,3000000 ,3000000 ,0.0,0.136,0.136,0.136,0.273,3.95,1.316,1172.1,4.5
169,Chad Kuhl,SP,29.5,1,3000000 ,3000000 ,0.0,0.097,0.121,0.115,0.236,4.44,1.419,439.2,0.0
170,Chris Martin,RP,35.8,1,2750000 ,2750000 ,0.0,0.0,0.0,0.0,0.0,4.06,1.2,195.0,3.2
171,Albert Pujols,DH,42.2,1,2500000 ,2500000 ,0.0,0.297,0.375,0.544,0.919,0.0,0.0,0.0,-0.4
172,Joe Smith,RP,37.9,1,2500000 ,2500000 ,0.0,0.0,0.0,0.0,0.0,3.09,1.177,735.0,0.9
173,Brad Boxberger,RP,33.8,1,2500000 ,2500000 ,0.0,0.0,0.0,0.0,0.0,3.52,1.27,393.2,1.5
174,Niko Goodrum,2B,30.0,1,2100000 ,2100000 ,0.0,0.23,0.303,0.396,0.7,0.0,0.0,0.0,1.5
175,Matt Carpenter,3B,36.5,1,2000000 ,2000000 ,0.0,0.262,0.368,0.449,0.816,0.0,1.5,1.1,0.2
176,Pedro Severino,C,28.3,1,1900000 ,1900000 ,0.0,0.235,0.305,0.372,0.677,0.0,0.0,0.0,3.0
177,Hunter Strickland,RP,33.4,1,1825000 ,1825000 ,0.0,0.0,0.0,0.0,0.0,3.11,1.197,312.1,0.5
178,Daniel Norris,RP,28.8,1,1750000 ,1750000 ,0.0,0.143,0.25,0.357,0.607,4.65,1.403,511.0,3.0
179,Steve Cishek,RP,35.7,1,1750000 ,1750000 ,0.0,0.111,0.111,0.111,0.222,2.85,1.198,644.1,2.6
180,Kurt Suzuki,C,38.4,1,1750000 ,1750000 ,0.0,0.257,0.315,0.39,0.705,0.0,0.0,0.0,0.3
181,Hanser Alberto,2B,29.3,1,1600000 ,1600000 ,0.0,0.276,0.298,0.383,0.681,13.5,2.25,1.1,4.6
182,Matt Duffy,3B,31.2,1,1500000 ,1500000 ,0.0,0.283,0.341,0.38,0.721,0.0,0.0,0.1,1.8
183,Sean Doolittle,RP,35.4,1,1500000 ,1500000 ,0.0,0.0,0.0,0.0,0.0,3.23,1.024,445.1,1.4
184,Ehire Adrianza,SS,32.5,1,1500000 ,1500000 ,0.0,0.244,0.313,0.366,0.678,18.0,3.0,2.0,1.3
185,Johan Camargo,3B,27.9,1,1400000 ,1400000 ,0.0,0.257,0.315,0.423,0.738,0.0,0.0,0.0,-1.1
186,Jake Marisnick,CF,31.0,1,1300000 ,1300000 ,0.0,0.228,0.282,0.384,0.665,0.0,0.0,0.0,1.9
187,Jesse Chavez,RP,38.5,1,1250000 ,1250000 ,0.0,0.091,0.091,0.091,0.182,4.44,1.34,966.2,1.5
188,Nick Wittgren,RP,30.8,1,1200000 ,1200000 ,0.0,0.0,0.0,0.0,0.0,3.75,1.205,271.1,1.3
189,Colin Moran,1B,29.4,1,1000000 ,1000000 ,0.0,0.267,0.329,0.418,0.747,0.0,0.0,0.0,-0.6
190,Alex Dickerson,LF,31.8,1,1000000 ,1000000 ,0.0,0.26,0.33,0.47,0.799,0.0,0.0,0.0,1.1
191,Taylor Clarke,RP,28.5,1,975000 ,975000 ,0.0,0.259,0.259,0.37,0.63,4.99,1.389,171.1,0.5
192,Jason Adam,RP,30.6,1,900000 ,900000 ,0.0,0.0,0.0,0.0,0.0,4.71,1.315,78.1,0.5
193,Tim Locastro,OF,29.6,1,900000 ,900000 ,0.0,0.231,0.333,0.329,0.662,0.0,0.0,0.0,0.3
194,Luke Maile,C,31.1,1,900000 ,900000 ,0.0,0.203,0.258,0.31,0.568,3.0,1.0,3.0,-0.2
195,Robinson Chirinos,C,37.8,1,900000 ,900000 ,0.0,0.231,0.325,0.432,0.757,0.0,0.0,0.0,3.3
196,Jed Lowrie,2B,37.9,1,850000 ,850000 ,0.0,0.26,0.333,0.411,0.745,0.0,0.0,0.0,0.1
197,Stephen Vogt,C,37.3,1,850000 ,850000 ,0.0,0.244,0.305,0.412,0.718,0.0,0.0,0.0,1.1
198,Andrew Knapp,C,30.3,1,800000 ,800000 ,0.0,0.214,0.314,0.322,0.636,0.0,0.0,0.1,-0.6
199,Trevor Gott,RP,29.2,1,725000 ,725000 ,0.0,0.0,0.0,0.0,0.0,5.01,1.357,140.0,-0.5
200,Jimmy Nelson,RP,32.8,1,700000 ,700000 ,0.0,0.099,0.118,0.11,0.228,4.12,1.353,662.1,0.5
201,George Springer,CF,31.3,6,150000000 ,25000000 ,0.0,0.27,0.361,0.491,0.852,0.0,0.0,0.0,11.5
202,J.T. Realmuto,C,29.8,5,115500000 ,23100000 ,0.0,0.278,0.328,0.455,0.783,0.0,0.0,0.0,10.4
203,Trevor Bauer,SP,30.0,3,102000000 ,34000000 ,0.0,0.093,0.152,0.093,0.245,3.9,1.265,1190.0,10.4
204,Marcell Ozuna,DH,30.2,4,65000000 ,16250000 ,0.0,0.276,0.335,0.466,0.801,0.0,0.0,0.0,7.3
205,Liam Hendriks,RP,31.9,3,54000000 ,18000000 ,0.0,0.0,0.333,0.0,0.333,4.1,1.278,516.1,5.3
206,James McCann,C,30.4,4,40600000 ,10150000 ,0.0,0.249,0.3,0.394,0.694,0.0,0.0,0.0,4.2
207,Justin Turner,3B,36.2,2,34000000 ,17000000 ,0.0,0.292,0.369,0.469,0.838,0.0,0.0,0.0,9.9
208,Michael Brantley,LF,33.7,2,32000000 ,16000000 ,0.0,0.297,0.354,0.44,0.794,0.0,0.0,0.0,10.2
209,Didi Gregorius,SS,30.9,2,28000000 ,14000000 ,0.0,0.265,0.315,0.433,0.748,0.0,0.0,0.0,6.5
210,Jackie Bradley Jr.,CF,30.8,2,24000000 ,12000000 ,0.0,0.239,0.321,0.412,0.732,0.0,0.0,0.0,6.6
211,Jake Odorizzi,SP,30.9,3,23500000 ,7833333 ,0.0,0.087,0.125,0.087,0.212,3.92,1.24,1042.1,4.7
212,Taijuan Walker,SP,28.5,3,23000000 ,7666667 ,0.0,0.2,0.212,0.277,0.489,3.84,1.246,581.2,1.5
213,Jurickson Profar,LF,27.9,3,21000000 ,7000000 ,0.0,0.238,0.318,0.397,0.715,0.0,0.0,0.0,2.9
214,Kevin Gausman,SP,29.8,1,18900000 ,18900000 ,0.0,0.036,0.115,0.036,0.15,4.26,1.329,985.1,3.6
215,Marcus Stroman,SP,29.5,1,18900000 ,18900000 ,0.0,0.105,0.105,0.211,0.316,3.76,1.292,849.1,3.9
216,Tommy La Stella,2B,31.9,3,18750000 ,6250000 ,0.0,0.274,0.349,0.405,0.754,0.0,0.0,0.0,2.7
217,Kolten Wong,2B,30.2,2,18000000 ,9000000 ,0.0,0.261,0.333,0.384,0.717,0.0,0.0,0.0,9.3
218,Marcus Semien,2B,30.3,1,18000000 ,18000000 ,0.0,0.254,0.322,0.425,0.747,0.0,0.0,0.0,13.3
219,Mike Minor,SP,32.9,2,18000000 ,9000000 ,0.0,0.119,0.155,0.176,0.331,3.98,1.223,1152.1,11.7
220,Blake Treinen,RP,32.5,2,17500000 ,8750000 ,0.0,0.071,0.133,0.071,0.205,3.02,1.278,425.2,4.0
221,Carlos Santana,1B,34.7,2,17500000 ,8750000 ,0.0,0.248,0.366,0.446,0.812,0.0,0.0,0.0,7.7
222,Trevor May,RP,31.2,2,15500000 ,7750000 ,0.0,0.0,0.0,0.0,0.0,4.44,1.304,316.0,1.9
223,Charlie Morton,SP,37.0,1,15000000 ,15000000 ,0.0,0.075,0.085,0.09,0.175,4.08,1.334,1439.1,8.5
224,Nelson Cruz,DH,40.6,1,13000000 ,13000000 ,0.0,0.278,0.347,0.529,0.876,0.0,0.0,0.0,9.2
225,Trevor Rosenthal,RP,30.7,1,11000000 ,11000000 ,0.0,0.0,0.0,0.0,0.0,3.36,1.321,364.0,-0.2
226,Corey Kluber,SP,34.8,1,11000000 ,11000000 ,0.0,0.115,0.148,0.154,0.302,3.16,1.086,1342.2,5.6
227,Drew Smyly,SP,31.4,1,11000000 ,11000000 ,0.0,0.0,0.042,0.0,0.042,4.13,1.258,710.2,0.0
228,Andrelton Simmons,SS,31.3,1,10500000 ,10500000 ,0.0,0.269,0.317,0.379,0.696,0.0,0.0,0.0,7.7
229,Brad Hand,RP,30.8,1,10500000 ,10500000 ,0.0,0.069,0.069,0.069,0.139,3.65,1.235,608.2,2.8
230,Garrett Richards,SP,32.6,1,10000000 ,10000000 ,0.0,0.0,0.0,0.0,0.0,3.62,1.255,804.2,1.0
231,Kyle Schwarber,LF,27.8,1,10000000 ,10000000 ,0.0,0.23,0.336,0.48,0.816,0.0,0.0,0.0,4.5
232,Robbie Grossman,RF,31.2,2,10000000 ,5000000 ,0.0,0.252,0.35,0.38,0.73,0.0,0.0,0.0,3.6
233,Yadier Molina,C,38.5,1,9000000 ,9000000 ,0.0,0.281,0.333,0.404,0.737,0.0,0.0,0.0,3.2
234,James Paxton,SP,32.2,1,8500000 ,8500000 ,0.0,0.0,0.143,0.0,0.143,3.58,1.213,753.1,4.9
235,Eddie Rosario,LF,29.3,1,8000000 ,8000000 ,0.0,0.277,0.31,0.478,0.788,0.0,0.0,0.0,6.9
236,Adam Wainwright,SP,39.3,1,8000000 ,8000000 ,0.0,0.199,0.225,0.302,0.527,3.38,1.225,2169.1,2.6
237,J.A. Happ,SP,38.2,1,8000000 ,8000000 ,0.0,0.102,0.145,0.127,0.272,3.98,1.301,1741.1,5.6
238,Robbie Ray,SP,29.1,1,8000000 ,8000000 ,0.0,0.146,0.16,0.185,0.344,4.26,1.384,842.1,1.8
239,Ken Giles,RP,30.3,2,7000000 ,3500000 ,0.0,0.0,0.0,0.0,0.0,2.74,1.117,351.0,2.0
240,Joc Pederson,LF,28.8,1,7000000 ,7000000 ,0.0,0.23,0.336,0.47,0.806,0.0,0.0,0.0,4.7
241,Jason Castro,C,33.6,2,7000000 ,3500000 ,0.0,0.23,0.312,0.39,0.702,0.0,0.0,0.0,0.4
242,Kevin Pillar,CF,32.1,2,6500000 ,3250000 ,0.0,0.262,0.299,0.408,0.707,0.0,0.0,0.0,3.6
243,Chris Archer,SP,32.3,1,6500000 ,6500000 ,0.0,0.1,0.143,0.113,0.255,3.86,1.253,1235.0,1.5
244,Jake Arrieta,SP,34.9,1,6000000 ,6000000 ,0.0,0.167,0.198,0.256,0.455,3.76,1.22,1513.2,4.0
245,Archie Bradley,RP,28.4,1,6000000 ,6000000 ,0.0,0.097,0.095,0.097,0.192,3.91,1.359,412.0,1.8
246,Anthony DeSclafani,RP,30.6,1,6000000 ,6000000 ,0.0,0.131,0.151,0.155,0.306,4.29,1.294,656.1,3.0
247,Kirby Yates,RP,33.8,1,5500000 ,5500000 ,0.0,0.0,0.0,0.0,0.0,3.54,1.148,282.1,4.8
248,Tommy Kahnle,RP,31.3,2,5250000 ,2625000 ,0.0,0.0,0.0,0.0,0.0,3.82,1.286,277.2,0.0
249,Brett Gardner,LF,37.4,2,5150000 ,2575000 ,0.0,0.259,0.343,0.401,0.743,0.0,0.0,0.0,8.3
250,Justin Wilson,RP,33.4,2,5150000 ,2575000 ,0.0,0.0,0.0,0.0,0.0,3.27,1.279,429.1,2.0
251,Adam Duvall,RF,32.4,1,5000000 ,5000000 ,0.0,0.233,0.293,0.468,0.761,0.0,0.0,0.0,2.3
252,Jake McGee,RP,34.5,2,5000000 ,2500000 ,0.0,0.0,0.0,0.0,0.0,3.59,1.154,475.2,-0.3
253,Anthony Bass,RP,33.2,2,5000000 ,2500000 ,0.0,0.105,0.105,0.158,0.263,4.32,1.324,373.0,1.7
254,Jon Lester,SP,37.0,1,5000000 ,5000000 ,0.0,0.107,0.156,0.16,0.317,3.6,1.265,2598.2,3.7
255,Jonathan Schoop,2B,29.2,1,4500000 ,4500000 ,0.0,0.259,0.297,0.45,0.747,0.0,0.0,0.0,5.2
256,Chase Anderson,RP,33.2,1,4000000 ,4000000 ,0.0,0.095,0.115,0.102,0.217,4.06,1.275,890.2,2.3
257,Jonathan Villar,SS,29.8,1,3550000 ,3550000 ,0.0,0.259,0.327,0.4,0.727,0.0,0.0,0.0,7.0
258,Brad Miller,LF,31.2,1,3500000 ,3500000 ,0.0,0.24,0.316,0.421,0.737,0.0,0.0,0.0,2.5
259,Joakim Soria,RP,36.7,1,3500000 ,3500000 ,0.0,0.0,0.0,0.0,0.0,3.01,1.12,725.2,1.8
260,Hunter Renfroe,RF,28.8,1,3100000 ,3100000 ,0.0,0.228,0.29,0.486,0.776,0.0,0.0,0.0,4.7
261,Mark Melancon,RP,35.8,1,3000000 ,3000000 ,0.0,0.0,1.0,0.0,0.0,2.85,1.132,606.0,2.2
262,Marwin Gonzalez,3B,31.8,1,3000000 ,3000000 ,0.0,0.261,0.317,0.413,0.729,0.0,0.0,0.0,4.5
263,Aaron Loup,RP,33.1,1,3000000 ,3000000 ,0.0,0.0,0.0,0.0,0.0,3.38,1.236,351.0,0.8
264,Tyler Chatwood,RP,31.1,1,3000000 ,3000000 ,0.0,0.206,0.236,0.24,0.476,4.4,1.514,846.2,0.9
265,Alex Wood,SP,30.0,1,3000000 ,3000000 ,0.0,0.097,0.13,0.105,0.235,3.45,1.232,851.2,0.4
266,Michael Wacha,SP,29.4,1,3000000 ,3000000 ,0.0,0.093,0.124,0.101,0.225,4.01,1.334,901.2,1.1
267,Mike Zunino,C,29.7,1,3000000 ,3000000 ,0.0,0.2,0.27,0.394,0.663,0.0,0.0,0.0,1.6
268,Andrew Chafin,RP,30.6,1,2750000 ,2750000 ,0.0,0.2,0.2,0.2,0.4,3.67,1.314,274.2,1.4
269,Greg Holland,RP,35.0,1,2750000 ,2750000 ,0.0,0.0,0.0,0.0,0.0,2.9,1.182,487.1,0.8
270,Yusmeiro Petit,RP,36.2,1,2550000 ,2550000 ,0.0,0.05,0.074,0.05,0.124,3.93,1.159,826.0,5.1
271,Rich Hill,SP,40.9,1,2500000 ,2500000 ,0.0,0.112,0.13,0.134,0.264,3.79,1.222,976.0,3.4
272,Trevor Williams,RP,28.8,1,2500000 ,2500000 ,0.0,0.107,0.163,0.107,0.27,4.43,1.337,534.2,3.3
273,Tyler Clippard,RP,36.0,1,2250000 ,2250000 ,0.0,0.2,0.2,0.267,0.467,3.13,1.1,842.0,3.0
274,Mitch Moreland,1B,35.4,1,2250000 ,2250000 ,0.0,0.252,0.32,0.448,0.767,0.0,1.0,2.0,4.0
275,Matt Shoemaker,SP,34.3,1,2000000 ,2000000 ,0.0,0.0,0.143,0.0,0.143,3.86,1.182,602.1,1.9
276,Sergio Romo,RP,37.9,1,2000000 ,2000000 ,0.0,0.0,0.0,0.0,0.0,2.95,1.02,643.0,0.9
277,Mike Foltynewicz,SP,29.2,1,2000000 ,2000000 ,0.0,0.07,0.075,0.085,0.16,4.33,1.328,686.0,4.2
278,Wilson Ramos,C,33.4,1,2000000 ,2000000 ,0.0,0.274,0.321,0.434,0.755,0.0,0.0,0.0,4.9
279,Hansel Robles,RP,30.3,1,2000000 ,2000000 ,0.0,0.0,0.0,0.0,0.0,3.91,1.25,333.2,2.5
280,Jeff Mathis,C,37.8,1,1800000 ,1800000 ,0.0,0.194,0.253,0.3,0.553,0.0,0.0,0.0,-0.6
281,Collin McHugh,RP,33.6,1,1800000 ,1800000 ,0.0,0.071,0.071,0.071,0.143,3.95,1.253,800.2,2.2
282,David Phelps,RP,34.3,1,1750000 ,1750000 ,0.0,0.115,0.132,0.115,0.247,3.95,1.319,608.2,0.6
283,Nomar Mazara,RF,25.8,1,1750000 ,1750000 ,0.0,0.258,0.318,0.426,0.744,0.0,0.0,0.0,1.4
284,Trevor Cahill,SP,33.0,1,1500000 ,1500000 ,0.0,0.121,0.144,0.148,0.293,4.2,1.364,1470.2,1.9
285,Jarrod Dyson,CF,36.5,1,1500000 ,1500000 ,0.0,0.246,0.316,0.334,0.651,0.0,0.0,0.0,0.9
286,Jake Marisnick,CF,29.8,1,1500000 ,1500000 ,0.0,0.229,0.281,0.385,0.666,0.0,0.0,0.0,3.4
287,Sean Doolittle,RP,34.3,1,1500000 ,1500000 ,0.0,0.0,0.0,0.0,0.0,3.07,0.968,395.2,3.1
288,Alex Avila,C,33.9,1,1500000 ,1500000 ,0.0,0.235,0.348,0.394,0.742,0.0,0.0,0.0,2.0
289,Freddy Galvis,SS,31.2,1,1500000 ,1500000 ,0.0,0.247,0.291,0.385,0.677,0.0,0.0,0.0,5.2
290,Austin Romine,C,32.2,1,1500000 ,1500000 ,0.0,0.239,0.278,0.361,0.639,0.0,0.0,0.0,1.7
291,Kurt Suzuki,C,37.2,1,1500000 ,1500000 ,0.0,0.259,0.316,0.392,0.708,0.0,0.0,0.0,2.8
292,Curt Casali,C,32.1,1,1500000 ,1500000 ,0.0,0.23,0.316,0.413,0.728,0.0,0.0,0.0,2.6
293,Albert Almora,CF,26.8,1,1250000 ,1250000 ,0.0,0.271,0.309,0.398,0.707,0.0,0.0,0.0,1.4
294,Josh Tomlin,RP,36.0,1,1250000 ,1250000 ,0.0,0.28,0.28,0.32,0.6,4.69,1.217,1017.2,0.8
295,Keone Kela,RP,27.8,1,1200000 ,1200000 ,0.0,0.0,0.0,0.0,0.0,3.24,1.122,216.2,2.7
296,Chaz Roe,RP,34.3,1,1150000 ,1150000 ,0.0,0.0,0.0,0.0,0.0,3.82,1.338,216.2,0.8
297,Matt Wisler,RP,28.2,1,1150000 ,1150000 ,0.0,0.128,0.156,0.128,0.283,4.95,1.379,414.2,0.6
298,Ryne Stanek,RP,29.4,1,1100000 ,1100000 ,0.0,0.0,0.0,0.0,0.0,4.0,1.321,173.1,1.6
299,Tony Watson,RP,35.8,1,1000000 ,1000000 ,0.0,0.143,0.143,0.143,0.286,2.8,1.09,591.0,2.5
300,Steve Cishek,RP,34.8,1,1000000 ,1000000 ,0.0,0.111,0.111,0.111,0.222,2.78,1.163,576.0,3.4
301,Brandon Workman,RP,32.5,1,1000000 ,1000000 ,0.0,0.0,0.0,0.0,0.0,3.89,1.326,301.0,3.7
302,Ryan Zimmerman,1B,36.2,1,1000000 ,1000000 ,0.0,0.279,0.343,0.475,0.818,0.0,0.0,0.0,2.1
303,Chris Devenski,RP,30.2,1,1000000 ,1000000 ,0.0,0.0,0.0,0.0,0.0,3.35,1.068,309.0,-0.4
304,Abraham Almonte,CF,31.3,1,990000 ,990000 ,0.0,0.237,0.298,0.37,0.668,0.0,0.0,0.0,-0.4
305,Daniel Robertson,SS,26.8,1,900000 ,900000 ,0.0,0.234,0.342,0.352,0.694,0.0,0.5,2.0,2.5
306,Maikel Franco,3B,28.5,1,800000 ,800000 ,0.0,0.252,0.304,0.433,0.737,0.0,0.0,0.0,1.2
307,Ryan Tepera,RP,33.2,1,800000 ,800000 ,0.0,0.0,0.0,0.0,0.0,3.66,1.178,236.0,1.5
308,John Brebbia,RP,30.5,1,800000 ,800000 ,0.0,0.25,0.25,0.25,0.5,3.14,1.103,175.0,1.4
309,Keynan Middleton,RP,27.2,1,800000 ,800000 ,0.0,0.0,0.0,0.0,0.0,3.48,1.359,95.2,1.3
310,Oliver Drake,RP,34.1,1,775000 ,775000 ,0.0,0.5,0.5,0.5,1.0,4.27,1.312,204.1,1.0
311,Jonathan Holder,RP,27.5,1,750000 ,750000 ,0.0,0.0,0.0,0.0,0.0,4.38,1.285,176.2,0.0
312,Kohl Stewart,SP,26.2,1,700000 ,700000 ,0.0,0.0,0.0,0.0,0.0,4.79,1.435,62.0,0.5
313,Scott Heineman,OF,27.9,1,595000 ,595000 ,0.0,0.189,0.259,0.331,0.59,0.0,0.0,0.0,-0.1
314,Gerrit Cole,SP,29.2,9,324000000 ,36000000 ,0.0,0.163,0.186,0.207,0.393,3.22,1.129,1195.0,14.3
315,Anthony Rendon,3B,29.5,7,245000000 ,35000000 ,0.0,0.29,0.369,0.49,0.859,0.0,0.0,0.0,18.2
316,Stephen Strasburg,SP,31.3,7,245000000 ,35000000 ,0.0,0.152,0.196,0.2,0.396,3.17,1.086,1438.2,14.8
317,Zack Wheeler,SP,29.5,5,118000000 ,23600000 ,0.0,0.15,0.175,0.195,0.371,3.77,1.294,749.1,7.9
318,Josh Donaldson,3B,34.1,4,92000000 ,23000000 ,0.0,0.273,0.369,0.509,0.878,0.0,0.0,0.0,11.0
319,Madison Bumgarner,SP,30.3,5,85000000 ,17000000 ,0.0,0.177,0.228,0.303,0.532,3.13,1.111,1846.0,9.7
320,Yasmani Grandal,C,31.0,4,73000000 ,18250000 ,0.0,0.241,0.348,0.446,0.794,0.0,0.0,0.0,8.3
321,Nick Castellanos,DH,27.8,4,64000000 ,16000000 ,0.0,0.277,0.326,0.471,0.797,0.0,0.0,0.0,5.7
322,Mike Moustakas,3B,31.2,4,64000000 ,16000000 ,0.0,0.252,0.31,0.441,0.751,0.0,0.0,0.0,6.2
323,Dallas Keuchel,SP,31.9,3,55500000 ,18500000 ,0.0,0.107,0.139,0.12,0.259,3.67,1.26,1302.0,8.3
324,Will Smith,RP,30.3,3,40000000 ,13333333 ,0.0,1.0,1.0,1.0,2.0,3.53,1.247,410.2,3.5
325,Drew Pomeranz,RP,31.0,4,34000000 ,8500000 ,0.0,0.135,0.144,0.225,0.369,4.04,1.36,814.0,3.6
326,Kyle Gibson,SP,32.1,3,28000000 ,9333333 ,0.0,0.211,0.286,0.211,0.496,4.52,1.411,1087.0,4.4
327,Will Harris,RP,35.3,3,24000000 ,8000000 ,0.0,0.0,0.0,0.0,0.0,2.84,1.077,396.1,3.5
328,Tanner Roark,SP,33.2,2,24000000 ,12000000 ,0.0,0.146,0.17,0.188,0.358,3.71,1.237,1100.1,6.3
329,Michael Pineda,SP,30.8,2,20000000 ,10000000 ,0.0,0.133,0.133,0.133,0.267,4.04,1.184,826.0,3.2
330,Marcell Ozuna,DH,29.2,1,18000000 ,18000000 ,0.0,0.272,0.329,0.455,0.784,0.0,0.0,0.0,10.2
331,Cole Hamels,SP,35.9,1,18000000 ,18000000 ,0.0,0.169,0.195,0.206,0.401,3.42,1.183,2694.2,9.2
332,Corey Dickerson,LF,30.6,2,17500000 ,8750000 ,0.0,0.286,0.328,0.504,0.832,0.0,0.0,0.0,7.2
333,Kole Calhoun,RF,32.2,2,16000000 ,8000000 ,0.0,0.249,0.322,0.424,0.747,0.0,0.0,0.0,3.6
334,Jordan Lyles,SP,29.1,2,16000000 ,8000000 ,0.0,0.115,0.162,0.161,0.323,5.11,1.436,909.2,1.2
335,Travis d'Arnaud,C,30.8,2,16000000 ,8000000 ,0.0,0.246,0.307,0.412,0.719,0.0,0.0,0.0,2.2
336,Wade Miley,SP,33.1,2,15000000 ,7500000 ,0.0,0.152,0.186,0.185,0.371,4.23,1.383,1403.2,2.8
337,Didi Gregorius,SS,29.8,1,14000000 ,14000000 ,0.0,0.264,0.313,0.429,0.742,0.0,0.0,0.0,9.8
338,Chris Martin,RP,33.4,2,14000000 ,7000000 ,0.0,0.0,0.0,0.0,0.0,4.51,1.257,133.2,2.2
339,Brett Gardner,LF,36.2,1,12500000 ,12500000 ,0.0,0.26,0.342,0.401,0.743,0.0,0.0,0.0,12.6
340,Starlin Castro,2B,29.8,2,12000000 ,6000000 ,0.0,0.28,0.319,0.414,0.733,0.0,0.0,0.0,4.8
341,Daniel Hudson,RP,32.8,2,11000000 ,5500000 ,0.0,0.222,0.261,0.296,0.557,3.83,1.256,692.2,1.3
342,Dellin Betances,RP,31.8,1,10500000 ,10500000 ,0.0,0.0,0.0,0.0,0.0,2.36,1.043,381.2,3.0
343,Rick Porcello,SP,30.9,1,10000000 ,10000000 ,0.0,0.178,0.178,0.222,0.4,4.36,1.311,2037.1,3.0
344,Blake Treinen,RP,31.4,1,10000000 ,10000000 ,0.0,0.071,0.133,0.071,0.205,2.97,1.283,400.0,5.4
345,Yan Gomes,C,32.3,2,10000000 ,5000000 ,0.0,0.245,0.297,0.42,0.717,0.0,0.0,0.0,5.4
346,Craig Stammen,RP,35.8,2,9000000 ,4500000 ,0.0,0.219,0.262,0.302,0.564,3.63,1.251,732.0,4.7
347,Julio Teheran,SP,28.8,1,9000000 ,9000000 ,0.0,0.147,0.169,0.17,0.339,3.67,1.211,1360.0,6.8
348,Kevin Gausman,SP,28.9,1,9000000 ,9000000 ,0.0,0.036,0.115,0.036,0.15,4.3,1.344,925.2,4.2
349,Joe Smith,RP,35.7,2,8000000 ,4000000 ,0.0,0.0,0.0,0.0,0.0,2.98,1.165,695.1,2.1
350,Jake Diekman,RP,32.8,2,7500000 ,3750000 ,0.0,0.0,0.0,0.0,0.0,3.9,1.401,374.0,0.7
351,Homer Bailey,SP,33.6,1,7000000 ,7000000 ,0.0,0.164,0.19,0.185,0.375,4.57,1.37,1393.2,0.2
352,Jason Castro,C,32.5,1,6850000 ,6850000 ,0.0,0.231,0.313,0.39,0.703,0.0,0.0,0.0,3.2
353,Robinson Chirinos,C,35.6,1,6750000 ,6750000 ,0.0,0.234,0.329,0.439,0.767,0.0,0.0,0.0,8.1
354,Wilmer Flores,1B,28.4,2,6250000 ,3125000 ,0.0,0.268,0.31,0.432,0.742,0.0,0.0,0.0,1.7
355,Howie Kendrick,2B,36.3,1,6250000 ,6250000 ,0.0,0.294,0.337,0.431,0.768,0.0,0.0,0.0,4.4
356,Jonathan Schoop,2B,28.2,1,6100000 ,6100000 ,0.0,0.257,0.295,0.449,0.744,0.0,0.0,0.0,10.4
357,C.J. Cron,1B,29.9,1,6100000 ,6100000 ,0.0,0.258,0.311,0.462,0.774,0.0,0.0,0.0,4.8
358,Steve Cishek,RP,33.5,1,6000000 ,6000000 ,0.0,0.111,0.111,0.111,0.222,2.69,1.151,556.0,5.1
359,Todd Frazier,3B,33.9,1,5000000 ,5000000 ,0.0,0.243,0.32,0.45,0.77,0.0,0.0,0.0,7.5
360,Gio Gonzalez,SP,34.2,1,5000000 ,5000000 ,0.0,0.09,0.118,0.129,0.247,3.68,1.315,1901.1,9.3
361,Justin Smoak,1B,33.0,1,5000000 ,5000000 ,0.0,0.231,0.324,0.42,0.744,0.0,0.0,0.0,6.2
362,Sergio Romo,RP,36.8,1,5000000 ,5000000 ,0.0,0.0,0.0,0.0,0.0,2.92,1.016,623.0,1.5
363,Brett Anderson,SP,31.8,1,5000000 ,5000000 ,0.0,0.138,0.194,0.172,0.366,4.05,1.335,997.1,3.2
364,Adam Wainwright,SP,38.2,1,5000000 ,5000000 ,0.0,0.199,0.225,0.302,0.527,3.39,1.23,2103.2,2.9
365,Eric Sogard,3B,33.5,1,4500000 ,4500000 ,0.0,0.248,0.318,0.343,0.661,0.0,0.0,0.0,4.2
366,Kevin Pillar,CF,31.1,1,4250000 ,4250000 ,0.0,0.261,0.296,0.405,0.701,0.0,0.0,0.0,5.7
367,Alex Avila,C,32.8,1,4250000 ,4250000 ,0.0,0.235,0.348,0.396,0.744,2.25,1.0,4.0,4.3
368,Austin Romine,C,31.0,1,4150000 ,4150000 ,0.0,0.239,0.281,0.366,0.647,27.0,4.0,1.0,1.1
369,Alex Gordon,OF,35.9,1,4000000 ,4000000 ,0.0,0.258,0.339,0.413,0.752,19.29,4.286,2.1,2.6
370,Alex Wood,SP,29.0,1,4000000 ,4000000 ,0.0,0.097,0.13,0.105,0.235,3.4,1.223,839.0,3.8
371,Eric Thames,1B,33.1,1,4000000 ,4000000 ,0.0,0.244,0.327,0.478,0.805,0.0,0.0,0.0,2.8
372,Travis Shaw,1B,29.7,1,4000000 ,4000000 ,0.0,0.243,0.327,0.451,0.778,0.0,0.0,0.0,6.5
373,Brandon Kintzler,RP,35.4,1,3250000 ,3250000 ,0.0,0.0,0.0,0.0,0.0,3.37,1.247,424.1,3.3
374,Hunter Pence,RF,36.8,1,3000000 ,3000000 ,0.0,0.28,0.335,0.462,0.797,0.0,0.0,0.0,0.7
375,Mitch Moreland,1B,34.3,1,3000000 ,3000000 ,0.0,0.251,0.319,0.444,0.763,0.0,1.0,2.0,4.7
376,Rich Hill,SP,39.8,1,3000000 ,3000000 ,0.0,0.112,0.13,0.134,0.264,3.82,1.225,937.1,4.6
377,Michael Wacha,SP,28.4,1,3000000 ,3000000 ,0.0,0.093,0.124,0.101,0.225,3.91,1.325,867.2,2.5
378,Stephen Vogt,C,35.0,1,3000000 ,3000000 ,0.0,0.253,0.31,0.426,0.737,0.0,0.0,0.0,0.7
379,Maikel Franco,3B,27.2,1,2950000 ,2950000 ,0.0,0.249,0.302,0.431,0.733,0.0,0.0,0.0,0.2
380,Tyler Clippard,RP,34.8,1,2750000 ,2750000 ,0.0,0.2,0.2,0.267,0.467,3.14,1.107,816.0,2.7
381,Darren O'Day,RP,37.0,1,2750000 ,2750000 ,0.0,0.0,0.0,0.0,0.0,2.55,1.026,560.1,1.6
382,Junior Guerra,RP,34.8,1,2650000 ,2650000 ,0.0,0.146,0.146,0.202,0.348,3.81,1.286,420.2,1.1
383,Brad Brach,RP,33.6,2,2100000 ,1050000 ,0.0,0.2,0.2,0.2,0.4,3.33,1.311,510.1,1.4
384,Taijuan Walker,SP,27.5,1,2000000 ,2000000 ,0.0,0.2,0.212,0.277,0.489,3.95,1.255,528.1,3.3
385,Jarrod Dyson,CF,35.4,1,2000000 ,2000000 ,0.0,0.247,0.319,0.338,0.657,0.0,0.0,0.0,4.3
386,Ryan Zimmerman,1B,35.2,1,2000000 ,2000000 ,0.0,0.279,0.343,0.475,0.818,0.0,0.0,0.0,4.7
387,Matt Wieters,C,33.6,1,2000000 ,2000000 ,0.0,0.25,0.313,0.411,0.724,0.0,0.0,0.0,0.0
388,Jedd Gyorko,3B,31.2,1,2000000 ,2000000 ,0.0,0.245,0.309,0.421,0.73,6.75,1.5,1.1,3.2
389,Francisco Cervelli,C,33.8,1,2000000 ,2000000 ,0.0,0.269,0.358,0.38,0.738,0.0,0.0,0.0,3.9
390,Kendall Graveman,RP,28.9,1,2000000 ,2000000 ,0.0,0.0,0.0,0.0,0.0,4.38,1.377,446.0,0.9
391,Pedro Strop,RP,34.6,1,1825000 ,1825000 ,0.0,0.0,0.0,0.0,0.0,3.21,1.159,501.1,2.8
392,Yoshihisa Hirano,RP,35.8,1,1600000 ,1600000 ,0.0,0.0,0.0,0.0,0.0,3.47,1.215,119.1,0.9
393,Domingo Santana,RF,27.5,1,1500000 ,1500000 ,0.0,0.259,0.343,0.453,0.797,0.0,0.0,0.0,4.1
394,Cameron Maybin,RF,32.8,1,1500000 ,1500000 ,0.0,0.256,0.324,0.376,0.701,0.0,0.0,0.0,3.7
395,Anthony Swarzak,RP,34.3,1,1500000 ,1500000 ,0.0,0.0,0.0,0.0,0.0,4.32,1.353,641.0,2.5
396,David Phelps,RP,33.2,1,1500000 ,1500000 ,0.0,0.115,0.132,0.115,0.247,3.86,1.325,588.0,1.1
397,Matt Joyce,LF,35.4,1,1500000 ,1500000 ,0.0,0.243,0.343,0.432,0.775,0.0,0.0,0.0,2.7
398,Jimmy Nelson,RP,30.6,1,1250000 ,1250000 ,0.0,0.101,0.12,0.112,0.231,4.22,1.372,633.1,2.7
399,Adeiny Hechavarria,SS,30.8,1,1000000 ,1000000 ,0.0,0.253,0.29,0.352,0.642,0.0,0.0,0.0,1.8
400,Guillermo Heredia,CF,28.9,1,1000000 ,1000000 ,0.0,0.24,0.317,0.342,0.659,0.0,0.0,0.0,2.0
401,Ryon Healy,1B,27.9,1,1000000 ,1000000 ,0.0,0.261,0.298,0.452,0.75,0.0,0.0,0.0,0.2
402,Kevin Plawecki,C,28.8,1,900000 ,900000 ,0.0,0.218,0.304,0.332,0.636,7.2,1.0,5.0,1.7
403,Ryan Tepera,RP,32.1,1,900000 ,900000 ,0.0,0.0,0.0,0.0,0.0,3.64,1.156,215.1,2.2
404,Luke Maile,C,28.8,1,900000 ,900000 ,0.0,0.198,0.252,0.304,0.556,0.0,0.5,2.0,0.4
405,Tommy Hunter,RP,33.6,1,850000 ,850000 ,0.0,0.0,0.0,0.0,0.0,4.08,1.244,838.2,2.9
406,Josh Osich,RP,31.2,1,850000 ,850000 ,0.0,0.0,0.0,0.0,0.0,4.88,1.388,188.0,-0.6
407,Kohl Stewart,SP,25.2,1,800000 ,800000 ,0.0,0.0,0.0,0.0,0.0,4.79,1.435,62.0,0.5
408,Jared Hughes,RP,34.9,1,700000 ,700000 ,0.0,0.0,0.0,0.0,0.0,2.88,1.22,519.0,5.1
409,Dustin Garneau,C,32.2,1,650000 ,650000 ,0.0,0.207,0.29,0.343,0.633,0.0,0.0,0.0,1.3
410,Collin McHugh,RP,32.7,1,600000 ,600000 ,0.0,0.071,0.071,0.071,0.143,3.95,1.253,800.2,3.4
411,Jesse Hahn,RP,30.3,1,600000 ,600000 ,0.0,0.077,0.077,0.077,0.154,4.33,1.362,290.2,-0.4
412,Bryce Harper,RF,26.3,13,330000000 ,25384615 ,0.0,0.279,0.388,0.512,0.9,0.0,0.0,0.0,8.1
413,Manny Machado,3B,26.6,10,300000000 ,30000000 ,0.0,0.282,0.335,0.487,0.822,0.0,0.0,0.0,17.3
414,Patrick Corbin,SP,29.3,6,140000000 ,23333333 ,0.0,0.168,0.211,0.216,0.427,3.91,1.285,945.2,7.1
415,Nathan Eovaldi,SP,28.8,4,68000000 ,17000000 ,0.0,0.081,0.116,0.081,0.197,4.16,1.348,850.0,2.4
416,Andrew McCutchen,DH,32.2,3,50000000 ,16666667 ,0.0,0.287,0.378,0.481,0.859,0.0,0.0,0.0,5.2
417,Zack Britton,RP,31.0,3,39000000 ,13000000 ,0.0,0.625,0.625,1.125,1.75,3.21,1.261,541.2,5.7
418,J.A. Happ,SP,36.1,2,34000000 ,17000000 ,0.0,0.103,0.147,0.129,0.276,3.9,1.309,1530.2,10.9
419,Michael Brantley,LF,31.6,2,32000000 ,16000000 ,0.0,0.295,0.351,0.43,0.781,0.0,0.0,0.0,6.1
420,Jeurys Familia,RP,29.2,3,30000000 ,10000000 ,0.0,0.4,0.4,0.4,0.8,2.73,1.211,352.2,3.2
421,Charlie Morton,SP,35.1,2,30000000 ,15000000 ,0.0,0.076,0.086,0.091,0.176,4.23,1.372,1206.2,5.6
422,Lance Lynn,SP,31.6,3,30000000 ,10000000 ,0.0,0.083,0.127,0.101,0.229,3.57,1.321,1134.1,3.3
423,Adam Ottavino,RP,33.1,3,27000000 ,9000000 ,0.0,0.083,0.12,0.083,0.203,3.68,1.3,413.0,3.7
424,Andrew Miller,RP,33.6,2,25000000 ,12500000 ,0.0,0.054,0.054,0.054,0.108,3.98,1.34,725.1,7.0
425,Joe Kelly,RP,30.5,3,25000000 ,8333333 ,0.0,0.172,0.189,0.218,0.407,3.87,1.385,625.1,1.3
426,Daniel Murphy,1B,33.7,2,24000000 ,12000000 ,0.0,0.299,0.344,0.458,0.803,0.0,0.0,0.0,7.7
427,David Robertson,RP,33.7,2,23000000 ,11500000 ,0.0,0.0,0.0,0.0,0.0,2.88,1.145,657.0,4.8
428,Josh Donaldson,3B,32.9,1,23000000 ,23000000 ,0.0,0.275,0.367,0.507,0.874,0.0,0.0,0.0,12.8
429,Marwin Gonzalez,3B,29.9,2,21000000 ,10500000 ,0.0,0.264,0.318,0.419,0.737,0.0,0.0,0.0,7.5
430,Jed Lowrie,2B,34.7,2,20000000 ,10000000 ,0.0,0.262,0.335,0.414,0.749,0.0,0.0,0.0,7.1
431,Wilson Ramos,C,31.3,2,19000000 ,9500000 ,0.0,0.273,0.317,0.439,0.756,0.0,0.0,0.0,5.7
432,Yasmani Grandal,C,30.2,1,18250000 ,18250000 ,0.0,0.24,0.341,0.441,0.782,0.0,0.0,0.0,8.9
433,Kelvin Herrera,RP,29.0,2,18000000 ,9000000 ,0.0,0.0,0.0,0.0,0.0,2.82,1.154,460.0,4.0
434,Garrett Richards,SP,30.5,2,15500000 ,7750000 ,0.0,0.0,0.0,0.0,0.0,3.54,1.249,744.2,1.7
435,Joakim Soria,RP,34.6,2,15000000 ,7500000 ,0.0,0.0,0.0,0.0,0.0,2.88,1.126,634.1,2.5
436,Nelson Cruz,DH,38.4,1,14300000 ,14300000 ,0.0,0.274,0.342,0.518,0.86,0.0,0.0,0.0,12.0
437,Matt Harvey,SP,29.7,1,11000000 ,11000000 ,0.0,0.108,0.122,0.148,0.27,3.8,1.202,767.1,-0.4
438,Mike Moustakas,3B,30.4,1,10000000 ,10000000 ,0.0,0.251,0.307,0.431,0.737,0.0,0.0,0.0,4.4
439,Justin Wilson,RP,31.4,2,10000000 ,5000000 ,0.0,0.0,0.0,0.0,0.0,3.33,1.268,370.2,2.7
440,Kurt Suzuki,C,35.1,2,10000000 ,5000000 ,0.0,0.258,0.315,0.387,0.702,0.0,0.0,0.0,5.0
441,Brian Dozier,2B,31.6,1,9000000 ,9000000 ,0.0,0.246,0.324,0.444,0.768,0.0,0.0,0.0,11.5
442,Trevor Cahill,SP,30.8,1,9000000 ,9000000 ,0.0,0.117,0.141,0.145,0.287,4.08,1.359,1343.1,3.0
443,Cody Allen,RP,30.1,1,8500000 ,8500000 ,0.0,0.0,0.0,0.0,0.0,2.98,1.189,440.2,3.4
444,Ian Kinsler,2B,36.4,2,8000000 ,4000000 ,0.0,0.271,0.339,0.443,0.782,0.0,0.0,0.0,10.0
445,Jesse Chavez,RP,35.2,2,8000000 ,4000000 ,0.0,0.059,0.059,0.059,0.118,4.45,1.348,838.0,2.6
446,Jonathan Schoop,2B,27.1,1,7500000 ,7500000 ,0.0,0.258,0.294,0.444,0.738,0.0,0.0,0.0,12.2
447,Derek Holland,RP,32.2,1,7000000 ,7000000 ,0.0,0.074,0.113,0.088,0.201,4.44,1.363,1291.1,1.4
448,Nick Markakis,RF,35.2,1,6000000 ,6000000 ,0.0,0.288,0.358,0.424,0.782,0.0,0.0,0.0,5.0
449,Tyson Ross,SP,31.6,1,5750000 ,5750000 ,0.0,0.2,0.229,0.253,0.481,3.95,1.345,869.1,0.2
450,Robinson Chirinos,C,34.4,1,5750000 ,5750000 ,0.0,0.233,0.324,0.438,0.761,0.0,0.0,0.0,5.0
451,Jordy Mercer,SS,32.2,1,5250000 ,5250000 ,0.0,0.256,0.316,0.383,0.699,0.0,0.0,0.0,2.0
452,Billy Hamilton,CF,28.2,1,5250000 ,5250000 ,0.0,0.245,0.298,0.333,0.631,0.0,0.0,0.0,5.0
453,Freddy Galvis,SS,29.2,1,5000000 ,5000000 ,0.0,0.246,0.29,0.374,0.664,0.0,0.0,0.0,5.1
454,Daniel Descalso,2B,32.1,2,5000000 ,2500000 ,0.0,0.24,0.324,0.37,0.694,4.76,0.882,5.2,0.9
455,Wade Miley,SP,32.2,1,4500000 ,4500000 ,0.0,0.155,0.185,0.188,0.374,4.26,1.388,1236.1,1.3
456,Wilmer Flores,1B,27.4,1,4250000 ,4250000 ,0.0,0.262,0.303,0.424,0.727,0.0,0.0,0.0,1.7
457,Marco Estrada,SP,35.5,1,4000000 ,4000000 ,0.0,0.141,0.183,0.17,0.353,4.24,1.213,1227.2,5.7
458,Jon Jay,RF,33.8,1,4000000 ,4000000 ,0.0,0.285,0.352,0.378,0.729,0.0,0.0,0.0,2.7
459,Matt Adams,1B,30.2,1,4000000 ,4000000 ,0.0,0.266,0.314,0.47,0.784,0.0,0.0,0.0,1.7
460,Matt Shoemaker,SP,32.2,1,3500000 ,3500000 ,0.0,0.0,0.143,0.0,0.143,3.93,1.204,545.0,2.8
461,Greg Holland,RP,33.2,1,3250000 ,3250000 ,0.0,0.0,0.0,0.0,0.0,2.83,1.181,423.1,1.4
462,Adam Jones,CF,33.6,1,3000000 ,3000000 ,0.0,0.278,0.318,0.456,0.774,0.0,0.0,0.0,4.8
463,Clay Buchholz,SP,34.5,1,3000000 ,3000000 ,0.0,0.087,0.125,0.109,0.234,3.86,1.29,1273.1,2.3
464,Chris Owings,SS,27.2,1,3000000 ,3000000 ,0.0,0.25,0.291,0.378,0.669,0.0,0.0,0.0,1.6
465,Jake Diekman,RP,32.0,1,2750000 ,2750000 ,0.0,0.0,0.0,0.0,0.0,3.75,1.397,312.0,1.5
466,Shawn Kelley,RP,34.8,1,2750000 ,2750000 ,0.0,0.0,0.0,0.0,0.0,3.67,1.167,417.1,1.8
467,Lonnie Chisenhall,RF,30.1,1,2750000 ,2750000 ,0.0,0.268,0.32,0.427,0.747,0.0,0.0,0.0,3.1
468,Adam Warren,RP,31.5,1,2500000 ,2500000 ,0.0,0.0,0.0,0.0,0.0,3.42,1.221,463.2,1.8
469,Sergio Romo,RP,35.9,1,2500000 ,2500000 ,0.0,0.0,0.0,0.0,0.0,2.86,1.006,562.2,1.5
470,David Phelps,RP,32.2,1,2500000 ,2500000 ,0.0,0.115,0.132,0.115,0.247,3.89,1.32,553.2,3.2
471,James McCann,C,28.5,1,2500000 ,2500000 ,0.0,0.24,0.288,0.366,0.653,0.0,0.0,0.0,1.6
472,Justin Bour,1B,30.5,1,2500000 ,2500000 ,0.0,0.26,0.344,0.466,0.811,0.0,0.0,0.0,3.9
473,Matt Moore,RP,29.4,1,2500000 ,2500000 ,0.0,0.106,0.126,0.106,0.232,4.56,1.413,884.2,0.7
474,Brad Boxberger,RP,30.7,1,2200000 ,2200000 ,0.0,0.0,0.0,0.0,0.0,3.42,1.28,284.1,-0.4
475,Jordan Lyles,SP,28.1,1,2050000 ,2050000 ,0.0,0.122,0.17,0.18,0.351,5.28,1.457,768.2,-1.8
476,Gio Gonzalez,SP,33.6,1,2000000 ,2000000 ,0.0,0.094,0.12,0.135,0.255,3.69,1.316,1814.0,8.2
477,Josh Harrison,2B,31.6,1,2000000 ,2000000 ,0.0,0.277,0.317,0.408,0.725,0.0,0.0,0.1,6.1
478,Robbie Grossman,RF,29.3,1,2000000 ,2000000 ,0.0,0.256,0.355,0.378,0.732,0.0,0.0,0.0,2.8
479,Zach Duke,RP,35.8,1,2000000 ,2000000 ,0.0,0.179,0.208,0.22,0.428,4.3,1.447,1336.2,2.4
480,Neil Walker,2B,33.3,1,2000000 ,2000000 ,0.0,0.268,0.339,0.43,0.768,0.0,0.0,0.0,3.8
481,Shelby Miller,RP,28.2,1,2000000 ,2000000 ,0.0,0.109,0.159,0.184,0.343,3.83,1.322,714.1,-1.2
482,Brian McCann,C,34.8,1,2000000 ,2000000 ,0.0,0.263,0.338,0.454,0.791,0.0,0.0,0.0,2.7
483,Tim Beckham,3B,28.9,1,1750000 ,1750000 ,0.0,0.252,0.304,0.424,0.728,0.0,0.0,0.0,3.5
484,Daniel Hudson,RP,32.0,1,1500000 ,1500000 ,0.0,0.222,0.261,0.296,0.557,3.99,1.27,619.2,-1.0
485,Brett Anderson,SP,31.0,1,1500000 ,1500000 ,0.0,0.101,0.165,0.139,0.304,4.09,1.341,821.1,-0.6
486,Drew Pomeranz,RP,30.2,1,1500000 ,1500000 ,0.0,0.171,0.183,0.286,0.469,3.92,1.349,710.0,6.8
487,Cory Gearrin,RP,32.7,1,1400000 ,1400000 ,0.0,0.333,0.333,0.333,0.667,3.54,1.285,246.2,3.3
488,Jeremy Hellickson,RP,31.8,1,1300000 ,1300000 ,0.0,0.145,0.197,0.175,0.371,4.07,1.239,1230.1,4.3
489,Hunter Strickland,RP,30.3,1,1300000 ,1300000 ,0.0,0.0,0.0,0.0,0.0,2.91,1.195,226.0,2.6
490,Tony Sipp,RP,35.7,1,1250000 ,1250000 ,0.0,0.0,0.0,0.0,0.0,3.67,1.239,482.2,0.5
491,Caleb Joseph,C,32.6,1,1100000 ,1100000 ,0.0,0.224,0.271,0.353,0.623,0.0,0.0,0.0,1.1
492,Zach McAllister,RP,31.1,1,1000000 ,1000000 ,0.0,0.167,0.167,0.167,0.333,4.09,1.388,591.2,1.7
493,Chris Herrmann,C,31.0,1,1000000 ,1000000 ,0.0,0.205,0.282,0.351,0.633,0.0,0.0,0.0,1.0
494,Jake Petricka,RP,30.6,1,900000 ,900000 ,0.0,0.0,0.0,0.0,0.0,3.98,1.52,223.2,-0.8
495,Nate Karns,SP,31.2,1,800000 ,800000 ,0.0,0.125,0.125,0.5,0.625,4.37,1.339,310.2,1.1
496,Alex Wilson,RP,32.3,1,750000 ,750000 ,0.0,0.0,0.0,0.0,0.0,3.23,1.188,320.2,3.9
497,Tony Barnette,RP,35.2,1,750000 ,750000 ,0.0,0.0,0.0,0.0,0.0,3.5,1.25,144.0,2.5
498,Kendall Graveman,RP,28.0,1,575000 ,575000 ,0.0,0.0,0.0,0.0,0.0,4.38,1.377,446.0,4.3
499,Troy Tulowitzki,SS,34.2,1,555000 ,555000 ,0.0,0.29,0.361,0.495,0.856,0.0,0.0,0.0,4.2
